0 verbose cli /data/data/com.termux/files/usr/bin/node /data/data/com.termux/files/usr/bin/npm
1 info using npm@11.18.0
2 info using node@v26.4.0
3 silly config load:file:/data/data/com.termux/files/usr/lib/node_modules/npm/npmrc
4 silly config load:file:/data/data/com.termux/files/home/.npmrc
5 silly config load:file:/data/data/com.termux/files/usr/etc/npmrc
6 verbose title npm install
7 verbose argv "install"
8 verbose logfile logs-max:10 dir:/data/data/com.termux/files/home/.npm/_logs/2026-08-01T00_30_05_150Z-
9 verbose logfile /data/data/com.termux/files/home/.npm/_logs/2026-08-01T00_30_05_150Z-debug-0.log
10 silly logfile done cleaning log files
11 silly packumentCache heap:1095499776 maxSize:273874944 maxEntrySize:136937472
12 silly idealTree buildDeps
13 silly fetch manifest @supabase/ssr@^0.5.1
14 silly packumentCache full:https://registry.npmjs.org/@supabase%2fssr cache-miss
15 http fetch GET 200 https://registry.npmjs.org/@supabase%2fssr 1230ms (cache miss)
16 silly packumentCache full:https://registry.npmjs.org/@supabase%2fssr set size:undefined disposed:false
17 silly fetch manifest @supabase/supabase-js@^2.45.4
18 silly packumentCache full:https://registry.npmjs.org/@supabase%2fsupabase-js cache-miss
19 http fetch GET 200 https://registry.npmjs.org/@supabase%2fsupabase-js 2137ms (cache miss)
20 silly packumentCache full:https://registry.npmjs.org/@supabase%2fsupabase-js set size:undefined disposed:false
21 silly fetch manifest next@^14.2.5
22 silly packumentCache full:https://registry.npmjs.org/next cache-miss
23 http fetch GET 200 https://registry.npmjs.org/next 7176ms (cache miss)
24 silly packumentCache full:https://registry.npmjs.org/next set size:undefined disposed:false
25 silly fetch manifest @opentelemetry/api@^1.1.0
26 silly packumentCache full:https://registry.npmjs.org/@opentelemetry%2fapi cache-miss
27 http fetch GET 200 https://registry.npmjs.org/@opentelemetry%2fapi 1473ms (cache miss)
28 silly packumentCache full:https://registry.npmjs.org/@opentelemetry%2fapi set size:undefined disposed:false
29 silly fetch manifest @playwright/test@^1.41.2
30 silly packumentCache full:https://registry.npmjs.org/@playwright%2ftest cache-miss
31 http fetch GET 200 https://registry.npmjs.org/@playwright%2ftest 13181ms (cache miss)
32 silly packumentCache full:https://registry.npmjs.org/@playwright%2ftest set size:undefined disposed:false
33 silly fetch manifest react@^18.3.1
34 silly packumentCache full:https://registry.npmjs.org/react cache-miss
35 http fetch GET 200 https://registry.npmjs.org/react 4120ms (cache miss)
36 silly packumentCache full:https://registry.npmjs.org/react set size:undefined disposed:false
37 silly fetch manifest react-dom@^18.3.1
38 silly packumentCache full:https://registry.npmjs.org/react-dom cache-miss
39 http fetch GET 200 https://registry.npmjs.org/react-dom 4332ms (cache miss)
40 silly packumentCache full:https://registry.npmjs.org/react-dom set size:undefined disposed:false
41 silly fetch manifest sass@^1.3.0
42 silly packumentCache full:https://registry.npmjs.org/sass cache-miss
43 http fetch GET 200 https://registry.npmjs.org/sass 893ms (cache miss)
44 silly packumentCache full:https://registry.npmjs.org/sass set size:undefined disposed:false
45 silly fetch manifest stripe@^16.8.0
46 silly packumentCache full:https://registry.npmjs.org/stripe cache-miss
47 http fetch GET 200 https://registry.npmjs.org/stripe 1327ms (cache miss)
48 silly packumentCache full:https://registry.npmjs.org/stripe set size:undefined disposed:false
49 silly fetch manifest @types/node@^20.14.10
50 silly packumentCache full:https://registry.npmjs.org/@types%2fnode cache-miss
51 http fetch GET 200 https://registry.npmjs.org/@types%2fnode 4275ms (cache miss)
52 silly packumentCache full:https://registry.npmjs.org/@types%2fnode set size:undefined disposed:false
53 silly fetch manifest @types/react@^18.3.3
54 silly packumentCache full:https://registry.npmjs.org/@types%2freact cache-miss
55 http fetch GET 200 https://registry.npmjs.org/@types%2freact 1777ms (cache miss)
56 silly packumentCache full:https://registry.npmjs.org/@types%2freact set size:undefined disposed:false
57 silly fetch manifest @types/react-dom@^18.3.0
58 silly packumentCache full:https://registry.npmjs.org/@types%2freact-dom cache-miss
59 http fetch GET 200 https://registry.npmjs.org/@types%2freact-dom 818ms (cache miss)
60 silly packumentCache full:https://registry.npmjs.org/@types%2freact-dom set size:undefined disposed:false
61 silly fetch manifest autoprefixer@^10.4.19
62 silly packumentCache full:https://registry.npmjs.org/autoprefixer cache-miss
63 http fetch GET 200 https://registry.npmjs.org/autoprefixer 713ms (cache miss)
64 silly packumentCache full:https://registry.npmjs.org/autoprefixer set size:undefined disposed:false
65 silly fetch manifest postcss@^8.4.39
66 silly packumentCache full:https://registry.npmjs.org/postcss cache-miss
67 http fetch GET 200 https://registry.npmjs.org/postcss 642ms (cache miss)
68 silly packumentCache full:https://registry.npmjs.org/postcss set size:undefined disposed:false
69 silly fetch manifest tailwindcss@^3.4.6
70 silly packumentCache full:https://registry.npmjs.org/tailwindcss cache-miss
71 http fetch GET 200 https://registry.npmjs.org/tailwindcss 6268ms (cache miss)
72 silly packumentCache full:https://registry.npmjs.org/tailwindcss set size:undefined disposed:false
73 silly fetch manifest typescript@^5.5.3
74 silly packumentCache full:https://registry.npmjs.org/typescript cache-miss
75 http fetch GET 200 https://registry.npmjs.org/typescript 8097ms (cache miss)
76 silly packumentCache full:https://registry.npmjs.org/typescript set size:undefined disposed:false
77 silly placeDep ROOT @supabase/ssr@0.5.2 OK for: devisetanche-app@0.1.0 want: ^0.5.1
78 silly placeDep ROOT @supabase/supabase-js@2.111.0 OK for: @supabase/ssr@0.5.2 want: ^2.43.4
79 silly placeDep ROOT @types/node@20.19.43 OK for: devisetanche-app@0.1.0 want: ^20.14.10
80 silly placeDep ROOT @types/react@18.3.31 OK for: devisetanche-app@0.1.0 want: ^18.3.3
81 silly placeDep ROOT @types/react-dom@18.3.7 OK for: devisetanche-app@0.1.0 want: ^18.3.0
82 silly placeDep ROOT autoprefixer@10.5.4 OK for: devisetanche-app@0.1.0 want: ^10.4.19
83 silly placeDep ROOT postcss@8.5.25 OK for: autoprefixer@10.5.4 want: ^8.1.0
84 silly placeDep ROOT next@14.2.35 OK for: devisetanche-app@0.1.0 want: ^14.2.5
85 silly placeDep ROOT react@18.3.1 OK for: next@14.2.35 want: ^18.2.0
86 silly placeDep ROOT react-dom@18.3.1 OK for: next@14.2.35 want: ^18.2.0
87 silly placeDep ROOT stripe@16.12.0 OK for: devisetanche-app@0.1.0 want: ^16.8.0
88 silly placeDep ROOT tailwindcss@3.4.19 OK for: devisetanche-app@0.1.0 want: ^3.4.6
89 silly placeDep ROOT typescript@5.9.3 OK for: devisetanche-app@0.1.0 want: ^5.5.3
90 silly fetch manifest cookie@^0.7.0
91 silly packumentCache full:https://registry.npmjs.org/cookie cache-miss
92 silly fetch manifest @types/cookie@^0.6.0
93 silly packumentCache full:https://registry.npmjs.org/@types%2fcookie cache-miss
94 silly fetch manifest @supabase/auth-js@2.111.0
95 silly packumentCache full:https://registry.npmjs.org/@supabase%2fauth-js cache-miss
96 silly fetch manifest @supabase/storage-js@2.111.0
97 silly packumentCache full:https://registry.npmjs.org/@supabase%2fstorage-js cache-miss
98 silly fetch manifest @supabase/realtime-js@2.111.0
99 silly packumentCache full:https://registry.npmjs.org/@supabase%2frealtime-js cache-miss
100 silly fetch manifest @supabase/functions-js@2.111.0
101 silly packumentCache full:https://registry.npmjs.org/@supabase%2ffunctions-js cache-miss
102 silly fetch manifest @supabase/postgrest-js@2.111.0
103 silly packumentCache full:https://registry.npmjs.org/@supabase%2fpostgrest-js cache-miss
104 http fetch GET 200 https://registry.npmjs.org/cookie 553ms (cache miss)
105 silly packumentCache full:https://registry.npmjs.org/cookie set size:undefined disposed:false
106 silly fetch manifest undici-types@~6.21.0
107 silly packumentCache full:https://registry.npmjs.org/undici-types cache-miss
108 http fetch GET 200 https://registry.npmjs.org/@types%2fcookie 1145ms (cache miss)
109 silly packumentCache full:https://registry.npmjs.org/@types%2fcookie set size:undefined disposed:false
110 silly fetch manifest csstype@^3.2.2
111 silly packumentCache full:https://registry.npmjs.org/csstype cache-miss
112 http fetch GET 200 https://registry.npmjs.org/undici-types 604ms (cache miss)
113 silly packumentCache full:https://registry.npmjs.org/undici-types set size:undefined disposed:false
114 silly fetch manifest @types/prop-types@*
115 silly packumentCache full:https://registry.npmjs.org/@types%2fprop-types cache-miss
116 http fetch GET 200 https://registry.npmjs.org/@supabase%2fauth-js 2632ms (cache miss)
117 silly packumentCache full:https://registry.npmjs.org/@supabase%2fauth-js set size:undefined disposed:false
118 silly fetch manifest picocolors@^1.1.1
119 silly packumentCache full:https://registry.npmjs.org/picocolors cache-miss
120 http fetch GET 200 https://registry.npmjs.org/csstype 1833ms (cache miss)
121 silly packumentCache full:https://registry.npmjs.org/csstype set size:undefined disposed:false
122 silly fetch manifest fraction.js@^5.3.4
123 silly packumentCache full:https://registry.npmjs.org/fraction.js cache-miss
124 http fetch GET 200 https://registry.npmjs.org/@types%2fprop-types 2200ms (cache miss)
125 silly packumentCache full:https://registry.npmjs.org/@types%2fprop-types set size:undefined disposed:false
126 silly fetch manifest browserslist@^4.28.6
127 silly packumentCache full:https://registry.npmjs.org/browserslist cache-miss
128 http fetch GET 200 https://registry.npmjs.org/@supabase%2ffunctions-js 3812ms (cache miss)
129 silly packumentCache full:https://registry.npmjs.org/@supabase%2ffunctions-js set size:undefined disposed:false
130 silly fetch manifest caniuse-lite@^1.0.30001806
131 silly packumentCache full:https://registry.npmjs.org/caniuse-lite cache-miss
132 http fetch GET 200 https://registry.npmjs.org/@supabase%2fstorage-js 4089ms (cache miss)
133 silly packumentCache full:https://registry.npmjs.org/@supabase%2fstorage-js set size:undefined disposed:false
134 silly fetch manifest postcss-value-parser@^4.2.0
135 silly packumentCache full:https://registry.npmjs.org/postcss-value-parser cache-miss
136 http fetch GET 200 https://registry.npmjs.org/picocolors 1471ms (cache miss)
137 silly packumentCache full:https://registry.npmjs.org/picocolors set size:undefined disposed:false
138 silly fetch manifest nanoid@^3.3.16
139 silly packumentCache full:https://registry.npmjs.org/nanoid cache-miss
140 http fetch GET 200 https://registry.npmjs.org/fraction.js 1533ms (cache miss)
141 silly packumentCache full:https://registry.npmjs.org/fraction.js set size:undefined disposed:false
142 silly fetch manifest source-map-js@^1.2.1
143 silly packumentCache full:https://registry.npmjs.org/source-map-js cache-miss
144 http fetch GET 200 https://registry.npmjs.org/postcss-value-parser 1356ms (cache miss)
145 silly packumentCache full:https://registry.npmjs.org/postcss-value-parser set size:undefined disposed:false
146 silly fetch manifest busboy@1.6.0
147 silly packumentCache full:https://registry.npmjs.org/busboy cache-miss
148 http fetch GET 200 https://registry.npmjs.org/source-map-js 1561ms (cache miss)
149 silly packumentCache full:https://registry.npmjs.org/source-map-js set size:undefined disposed:false
150 silly fetch manifest postcss@8.4.31
151 silly packumentCache full:https://registry.npmjs.org/postcss cache-miss
152 http cache https://registry.npmjs.org/postcss 100ms (cache hit)
153 silly packumentCache full:https://registry.npmjs.org/postcss set size:756623 disposed:false
154 silly fetch manifest @next/env@14.2.35
155 silly packumentCache full:https://registry.npmjs.org/@next%2fenv cache-miss
156 http fetch GET 200 https://registry.npmjs.org/@supabase%2frealtime-js 6301ms (cache miss)
157 silly packumentCache full:https://registry.npmjs.org/@supabase%2frealtime-js set size:undefined disposed:false
158 silly fetch manifest styled-jsx@5.1.1
159 silly packumentCache full:https://registry.npmjs.org/styled-jsx cache-miss
160 http fetch GET 200 https://registry.npmjs.org/browserslist 3018ms (cache miss)
161 silly packumentCache full:https://registry.npmjs.org/browserslist set size:undefined disposed:false
162 silly fetch manifest graceful-fs@^4.2.11
163 silly packumentCache full:https://registry.npmjs.org/graceful-fs cache-miss
164 http fetch GET 200 https://registry.npmjs.org/@supabase%2fpostgrest-js 6465ms (cache miss)
165 silly packumentCache full:https://registry.npmjs.org/@supabase%2fpostgrest-js set size:undefined disposed:false
166 silly fetch manifest @swc/helpers@0.5.5
167 silly packumentCache full:https://registry.npmjs.org/@swc%2fhelpers cache-miss
168 http fetch GET 200 https://registry.npmjs.org/nanoid 2415ms (cache miss)
169 silly packumentCache full:https://registry.npmjs.org/nanoid set size:undefined disposed:false
170 silly fetch manifest caniuse-lite@^1.0.30001579
171 silly packumentCache full:https://registry.npmjs.org/caniuse-lite cache-miss
172 http fetch GET 200 https://registry.npmjs.org/busboy 1159ms (cache miss)
173 silly packumentCache full:https://registry.npmjs.org/busboy set size:undefined disposed:false
174 silly fetch manifest @next/swc-darwin-x64@14.2.33
175 silly packumentCache full:https://registry.npmjs.org/@next%2fswc-darwin-x64 cache-miss
176 http fetch GET 200 https://registry.npmjs.org/graceful-fs 1149ms (cache miss)
177 silly packumentCache full:https://registry.npmjs.org/graceful-fs set size:undefined disposed:false
178 silly fetch manifest @next/swc-darwin-arm64@14.2.33
179 silly packumentCache full:https://registry.npmjs.org/@next%2fswc-darwin-arm64 cache-miss
180 http fetch GET 200 https://registry.npmjs.org/styled-jsx 1394ms (cache miss)
181 silly packumentCache full:https://registry.npmjs.org/styled-jsx set size:undefined disposed:false
182 silly fetch manifest @next/swc-linux-x64-gnu@14.2.33
183 silly packumentCache full:https://registry.npmjs.org/@next%2fswc-linux-x64-gnu cache-miss
184 http fetch GET 200 https://registry.npmjs.org/@swc%2fhelpers 6491ms (cache miss)
185 silly packumentCache full:https://registry.npmjs.org/@swc%2fhelpers set size:undefined disposed:false
186 silly fetch manifest @next/swc-linux-x64-musl@14.2.33
187 silly packumentCache full:https://registry.npmjs.org/@next%2fswc-linux-x64-musl cache-miss
188 http fetch GET 200 https://registry.npmjs.org/caniuse-lite 9668ms (cache miss)
189 silly packumentCache full:https://registry.npmjs.org/caniuse-lite set size:undefined disposed:false
190 silly fetch manifest @next/swc-win32-x64-msvc@14.2.33
191 silly packumentCache full:https://registry.npmjs.org/@next%2fswc-win32-x64-msvc cache-miss
192 http fetch GET 200 https://registry.npmjs.org/caniuse-lite 12448ms (cache miss)
193 silly packumentCache full:https://registry.npmjs.org/caniuse-lite set size:undefined disposed:false
194 silly fetch manifest @next/swc-linux-arm64-gnu@14.2.33
195 silly packumentCache full:https://registry.npmjs.org/@next%2fswc-linux-arm64-gnu cache-miss
196 http fetch GET 200 https://registry.npmjs.org/@next%2fenv 21630ms (cache miss)
197 silly packumentCache full:https://registry.npmjs.org/@next%2fenv set size:undefined disposed:false
198 silly fetch manifest @next/swc-win32-ia32-msvc@14.2.33
199 silly packumentCache full:https://registry.npmjs.org/@next%2fswc-win32-ia32-msvc cache-miss
200 http fetch GET 200 https://registry.npmjs.org/@next%2fswc-darwin-x64 21793ms (cache miss)
201 silly packumentCache full:https://registry.npmjs.org/@next%2fswc-darwin-x64 set size:undefined disposed:false
202 silly fetch manifest @next/swc-linux-arm64-musl@14.2.33
203 silly packumentCache full:https://registry.npmjs.org/@next%2fswc-linux-arm64-musl cache-miss
204 http fetch GET 200 https://registry.npmjs.org/@next%2fswc-linux-x64-musl 15655ms (cache miss)
205 silly packumentCache full:https://registry.npmjs.org/@next%2fswc-linux-x64-musl set size:undefined disposed:false
206 silly fetch manifest @next/swc-win32-arm64-msvc@14.2.33
207 silly packumentCache full:https://registry.npmjs.org/@next%2fswc-win32-arm64-msvc cache-miss
208 http fetch GET 200 https://registry.npmjs.org/@next%2fswc-win32-ia32-msvc 4833ms (cache miss)
209 silly packumentCache full:https://registry.npmjs.org/@next%2fswc-win32-ia32-msvc set size:undefined disposed:false
210 silly fetch manifest scheduler@^0.23.2
211 silly packumentCache full:https://registry.npmjs.org/scheduler cache-miss
212 http fetch GET 200 https://registry.npmjs.org/@next%2fswc-win32-x64-msvc 21597ms (cache miss)
213 silly packumentCache full:https://registry.npmjs.org/@next%2fswc-win32-x64-msvc set size:undefined disposed:false
214 silly fetch manifest loose-envify@^1.1.0
215 silly packumentCache full:https://registry.npmjs.org/loose-envify cache-miss
216 http fetch GET 200 https://registry.npmjs.org/loose-envify 495ms (cache miss)
217 silly packumentCache full:https://registry.npmjs.org/loose-envify set size:undefined disposed:false
218 silly fetch manifest qs@^6.11.0
219 silly packumentCache full:https://registry.npmjs.org/qs cache-miss
220 http fetch GET 200 https://registry.npmjs.org/@next%2fswc-linux-arm64-musl 9672ms (cache miss)
221 silly packumentCache full:https://registry.npmjs.org/@next%2fswc-linux-arm64-musl set size:undefined disposed:false
222 silly fetch manifest arg@^5.0.2
223 silly packumentCache full:https://registry.npmjs.org/arg cache-miss
224 http fetch GET 200 https://registry.npmjs.org/qs 2650ms (cache miss)
225 silly packumentCache full:https://registry.npmjs.org/qs set size:undefined disposed:false
226 silly fetch manifest dlv@^1.1.3
227 silly packumentCache full:https://registry.npmjs.org/dlv cache-miss
228 http fetch GET 200 https://registry.npmjs.org/arg 532ms (cache miss)
229 silly packumentCache full:https://registry.npmjs.org/arg set size:undefined disposed:false
230 silly fetch manifest jiti@^1.21.7
231 silly packumentCache full:https://registry.npmjs.org/jiti cache-miss
232 http fetch GET 200 https://registry.npmjs.org/dlv 590ms (cache miss)
233 silly packumentCache full:https://registry.npmjs.org/dlv set size:undefined disposed:false
234 silly fetch manifest is-glob@^4.0.3
235 silly packumentCache full:https://registry.npmjs.org/is-glob cache-miss
236 http fetch GET 200 https://registry.npmjs.org/@next%2fswc-linux-arm64-gnu 20572ms (cache miss)
237 silly packumentCache full:https://registry.npmjs.org/@next%2fswc-linux-arm64-gnu set size:undefined disposed:false
238 silly fetch manifest resolve@^1.22.8
239 silly packumentCache full:https://registry.npmjs.org/resolve cache-miss
240 http fetch GET 200 https://registry.npmjs.org/is-glob 748ms (cache miss)
241 silly packumentCache full:https://registry.npmjs.org/is-glob set size:undefined disposed:false
242 silly fetch manifest sucrase@^3.35.0
243 silly packumentCache full:https://registry.npmjs.org/sucrase cache-miss
244 http fetch GET 200 https://registry.npmjs.org/jiti 1225ms (cache miss)
245 silly packumentCache full:https://registry.npmjs.org/jiti set size:undefined disposed:false
246 silly fetch manifest chokidar@^3.6.0
247 silly packumentCache full:https://registry.npmjs.org/chokidar cache-miss
248 http fetch GET 200 https://registry.npmjs.org/resolve 1124ms (cache miss)
249 silly packumentCache full:https://registry.npmjs.org/resolve set size:undefined disposed:false
250 silly fetch manifest fast-glob@^3.3.2
251 silly packumentCache full:https://registry.npmjs.org/fast-glob cache-miss
252 http fetch GET 200 https://registry.npmjs.org/chokidar 948ms (cache miss)
253 silly packumentCache full:https://registry.npmjs.org/chokidar set size:undefined disposed:false
254 silly fetch manifest lilconfig@^3.1.3
255 silly packumentCache full:https://registry.npmjs.org/lilconfig cache-miss
256 http fetch GET 200 https://registry.npmjs.org/scheduler 8294ms (cache miss)
257 silly packumentCache full:https://registry.npmjs.org/scheduler set size:undefined disposed:false
258 silly fetch manifest didyoumean@^1.2.2
259 silly packumentCache full:https://registry.npmjs.org/didyoumean cache-miss
260 http fetch GET 200 https://registry.npmjs.org/lilconfig 496ms (cache miss)
261 silly packumentCache full:https://registry.npmjs.org/lilconfig set size:undefined disposed:false
262 silly fetch manifest micromatch@^4.0.8
263 silly packumentCache full:https://registry.npmjs.org/micromatch cache-miss
264 http fetch GET 200 https://registry.npmjs.org/fast-glob 810ms (cache miss)
265 silly packumentCache full:https://registry.npmjs.org/fast-glob set size:undefined disposed:false
266 silly fetch manifest postcss-js@^4.0.1
267 silly packumentCache full:https://registry.npmjs.org/postcss-js cache-miss
268 http fetch GET 200 https://registry.npmjs.org/sucrase 1939ms (cache miss)
269 silly packumentCache full:https://registry.npmjs.org/sucrase set size:undefined disposed:false
270 silly fetch manifest glob-parent@^6.0.2
271 silly packumentCache full:https://registry.npmjs.org/glob-parent cache-miss
272 http fetch GET 200 https://registry.npmjs.org/didyoumean 352ms (cache miss)
273 silly packumentCache full:https://registry.npmjs.org/didyoumean set size:undefined disposed:false
274 silly fetch manifest object-hash@^3.0.0
275 silly packumentCache full:https://registry.npmjs.org/object-hash cache-miss
276 http fetch GET 200 https://registry.npmjs.org/micromatch 536ms (cache miss)
277 silly packumentCache full:https://registry.npmjs.org/micromatch set size:undefined disposed:false
278 silly fetch manifest normalize-path@^3.0.0
279 silly packumentCache full:https://registry.npmjs.org/normalize-path cache-miss
280 http fetch GET 200 https://registry.npmjs.org/postcss-js 510ms (cache miss)
281 silly packumentCache full:https://registry.npmjs.org/postcss-js set size:undefined disposed:false
282 silly fetch manifest postcss-import@^15.1.0
283 silly packumentCache full:https://registry.npmjs.org/postcss-import cache-miss
284 http fetch GET 200 https://registry.npmjs.org/@next%2fswc-linux-x64-gnu 34707ms (cache miss)
285 silly packumentCache full:https://registry.npmjs.org/@next%2fswc-linux-x64-gnu set size:undefined disposed:false
286 silly fetch manifest postcss-nested@^6.2.0
287 silly packumentCache full:https://registry.npmjs.org/postcss-nested cache-miss
288 http fetch GET 200 https://registry.npmjs.org/glob-parent 790ms (cache miss)
289 silly packumentCache full:https://registry.npmjs.org/glob-parent set size:undefined disposed:false
290 silly fetch manifest @alloc/quick-lru@^5.2.0
291 silly packumentCache full:https://registry.npmjs.org/@alloc%2fquick-lru cache-miss
292 http fetch GET 200 https://registry.npmjs.org/normalize-path 362ms (cache miss)
293 silly packumentCache full:https://registry.npmjs.org/normalize-path set size:undefined disposed:false
294 silly fetch manifest postcss-load-config@^4.0.2 || ^5.0 || ^6.0
295 silly packumentCache full:https://registry.npmjs.org/postcss-load-config cache-miss
296 http fetch GET 200 https://registry.npmjs.org/object-hash 737ms (cache miss)
297 silly packumentCache full:https://registry.npmjs.org/object-hash set size:undefined disposed:false
298 silly fetch manifest postcss-selector-parser@^6.1.2
299 silly packumentCache full:https://registry.npmjs.org/postcss-selector-parser cache-miss
300 http fetch GET 200 https://registry.npmjs.org/postcss-import 453ms (cache miss)
301 silly packumentCache full:https://registry.npmjs.org/postcss-import set size:undefined disposed:false
302 http fetch GET 200 https://registry.npmjs.org/@next%2fswc-win32-arm64-msvc 14039ms (cache miss)
303 silly packumentCache full:https://registry.npmjs.org/@next%2fswc-win32-arm64-msvc set size:undefined disposed:false
304 http fetch GET 200 https://registry.npmjs.org/postcss-load-config 415ms (cache miss)
305 silly packumentCache full:https://registry.npmjs.org/postcss-load-config set size:undefined disposed:false
306 http fetch GET 200 https://registry.npmjs.org/postcss-nested 545ms (cache miss)
307 silly packumentCache full:https://registry.npmjs.org/postcss-nested set size:undefined disposed:false
308 http fetch GET 200 https://registry.npmjs.org/postcss-selector-parser 441ms (cache miss)
309 silly packumentCache full:https://registry.npmjs.org/postcss-selector-parser set size:undefined disposed:false
310 http fetch GET 200 https://registry.npmjs.org/@alloc%2fquick-lru 805ms (cache miss)
311 silly packumentCache full:https://registry.npmjs.org/@alloc%2fquick-lru set size:undefined disposed:false
312 http fetch GET 200 https://registry.npmjs.org/@next%2fswc-darwin-arm64 40847ms (cache miss)
313 silly packumentCache full:https://registry.npmjs.org/@next%2fswc-darwin-arm64 set size:undefined disposed:false
314 silly placeDep ROOT @types/cookie@0.6.0 OK for: @supabase/ssr@0.5.2 want: ^0.6.0
315 silly placeDep ROOT cookie@0.7.2 OK for: @supabase/ssr@0.5.2 want: ^0.7.0
316 silly placeDep ROOT @supabase/auth-js@2.111.0 OK for: @supabase/supabase-js@2.111.0 want: 2.111.0
317 silly placeDep ROOT @supabase/functions-js@2.111.0 OK for: @supabase/supabase-js@2.111.0 want: 2.111.0
318 silly placeDep ROOT @supabase/postgrest-js@2.111.0 OK for: @supabase/supabase-js@2.111.0 want: 2.111.0
319 silly placeDep ROOT @supabase/realtime-js@2.111.0 OK for: @supabase/supabase-js@2.111.0 want: 2.111.0
320 silly placeDep ROOT @supabase/storage-js@2.111.0 OK for: @supabase/supabase-js@2.111.0 want: 2.111.0
321 silly fetch manifest tslib@2.8.1
322 silly packumentCache full:https://registry.npmjs.org/tslib cache-miss
323 silly fetch manifest tslib@2.8.1
324 silly packumentCache full:https://registry.npmjs.org/tslib cache-miss
325 silly fetch manifest tslib@2.8.1
326 silly packumentCache full:https://registry.npmjs.org/tslib cache-miss
327 silly fetch manifest tslib@2.8.1
328 silly packumentCache full:https://registry.npmjs.org/tslib cache-miss
329 silly fetch manifest @supabase/phoenix@0.4.5
330 silly packumentCache full:https://registry.npmjs.org/@supabase%2fphoenix cache-miss
331 silly fetch manifest tslib@2.8.1
332 silly packumentCache full:https://registry.npmjs.org/tslib cache-miss
333 silly fetch manifest iceberg-js@^0.8.1
334 silly packumentCache full:https://registry.npmjs.org/iceberg-js cache-miss
335 http fetch GET 200 https://registry.npmjs.org/iceberg-js 1307ms (cache miss)
336 silly packumentCache full:https://registry.npmjs.org/iceberg-js set size:undefined disposed:false
337 http fetch GET 200 https://registry.npmjs.org/tslib 1458ms (cache miss)
338 silly packumentCache full:https://registry.npmjs.org/tslib set size:undefined disposed:false
339 http fetch GET 200 https://registry.npmjs.org/tslib 1516ms (cache miss)
340 silly packumentCache full:https://registry.npmjs.org/tslib set size:undefined disposed:false
341 http fetch GET 200 https://registry.npmjs.org/@supabase%2fphoenix 1521ms (cache miss)
342 silly packumentCache full:https://registry.npmjs.org/@supabase%2fphoenix set size:undefined disposed:false
343 http fetch GET 200 https://registry.npmjs.org/tslib 1531ms (cache miss)
344 silly packumentCache full:https://registry.npmjs.org/tslib set size:undefined disposed:false
345 http fetch GET 200 https://registry.npmjs.org/tslib 1543ms (cache miss)
346 silly packumentCache full:https://registry.npmjs.org/tslib set size:undefined disposed:false
347 http fetch GET 200 https://registry.npmjs.org/tslib 1554ms (cache miss)
348 silly packumentCache full:https://registry.npmjs.org/tslib set size:undefined disposed:false
349 silly placeDep ROOT tslib@2.8.1 OK for: @supabase/auth-js@2.111.0 want: 2.8.1
350 silly placeDep ROOT @supabase/phoenix@0.4.5 OK for: @supabase/realtime-js@2.111.0 want: 0.4.5
351 silly placeDep ROOT iceberg-js@0.8.1 OK for: @supabase/storage-js@2.111.0 want: ^0.8.1
352 silly placeDep ROOT undici-types@6.21.0 OK for: @types/node@20.19.43 want: ~6.21.0
353 silly placeDep ROOT @types/prop-types@15.7.15 OK for: @types/react@18.3.31 want: *
354 silly placeDep ROOT csstype@3.2.3 OK for: @types/react@18.3.31 want: ^3.2.2
355 silly placeDep ROOT browserslist@4.28.7 OK for: autoprefixer@10.5.4 want: ^4.28.6
356 silly placeDep ROOT caniuse-lite@1.0.30001806 OK for: autoprefixer@10.5.4 want: ^1.0.30001806
357 silly placeDep ROOT fraction.js@5.3.4 OK for: autoprefixer@10.5.4 want: ^5.3.4
358 silly placeDep ROOT picocolors@1.1.1 OK for: autoprefixer@10.5.4 want: ^1.1.1
359 silly placeDep ROOT postcss-value-parser@4.2.0 OK for: autoprefixer@10.5.4 want: ^4.2.0
360 silly fetch manifest node-releases@^2.0.51
361 silly packumentCache full:https://registry.npmjs.org/node-releases cache-miss
362 silly fetch manifest electron-to-chromium@^1.5.393
363 silly packumentCache full:https://registry.npmjs.org/electron-to-chromium cache-miss
364 silly fetch manifest update-browserslist-db@^1.2.3
365 silly packumentCache full:https://registry.npmjs.org/update-browserslist-db cache-miss
366 silly fetch manifest baseline-browser-mapping@^2.10.44
367 silly packumentCache full:https://registry.npmjs.org/baseline-browser-mapping cache-miss
368 http fetch GET 200 https://registry.npmjs.org/update-browserslist-db 404ms (cache miss)
369 silly packumentCache full:https://registry.npmjs.org/update-browserslist-db set size:undefined disposed:false
370 http fetch GET 200 https://registry.npmjs.org/baseline-browser-mapping 665ms (cache miss)
371 silly packumentCache full:https://registry.npmjs.org/baseline-browser-mapping set size:undefined disposed:false
372 http fetch GET 200 https://registry.npmjs.org/node-releases 994ms (cache miss)
373 silly packumentCache full:https://registry.npmjs.org/node-releases set size:undefined disposed:false
374 http fetch GET 200 https://registry.npmjs.org/electron-to-chromium 5424ms (cache miss)
375 silly packumentCache full:https://registry.npmjs.org/electron-to-chromium set size:undefined disposed:false
376 silly fetch manifest browserslist@>= 4.21.0
377 silly packumentCache full:https://registry.npmjs.org/browserslist cache-miss
378 http cache https://registry.npmjs.org/browserslist 89ms (cache hit)
379 silly packumentCache full:https://registry.npmjs.org/browserslist set size:516369 disposed:false
380 silly placeDep ROOT baseline-browser-mapping@2.11.9 OK for: browserslist@4.28.7 want: ^2.10.44
381 silly placeDep ROOT electron-to-chromium@1.5.399 OK for: browserslist@4.28.7 want: ^1.5.393
382 silly placeDep ROOT node-releases@2.0.51 OK for: browserslist@4.28.7 want: ^2.0.51
383 silly placeDep ROOT update-browserslist-db@1.2.3 OK for: browserslist@4.28.7 want: ^1.2.3
384 silly fetch manifest escalade@^3.2.0
385 silly packumentCache full:https://registry.npmjs.org/escalade cache-miss
386 http fetch GET 200 https://registry.npmjs.org/escalade 403ms (cache miss)
387 silly packumentCache full:https://registry.npmjs.org/escalade set size:undefined disposed:false
388 silly fetch manifest react@^18.2.0
389 silly packumentCache full:https://registry.npmjs.org/react cache-miss
390 http cache https://registry.npmjs.org/react 76ms (cache hit)
391 silly packumentCache full:https://registry.npmjs.org/react set size:6859098 disposed:false
392 silly placeDep ROOT @next/env@14.2.35 OK for: next@14.2.35 want: 14.2.35
393 silly placeDep ROOT @next/swc-darwin-arm64@14.2.33 OK for: next@14.2.35 want: 14.2.33
394 silly placeDep ROOT @next/swc-darwin-x64@14.2.33 OK for: next@14.2.35 want: 14.2.33
395 silly placeDep ROOT @next/swc-linux-arm64-gnu@14.2.33 OK for: next@14.2.35 want: 14.2.33
396 silly placeDep ROOT @next/swc-linux-arm64-musl@14.2.33 OK for: next@14.2.35 want: 14.2.33
397 silly placeDep ROOT @next/swc-linux-x64-gnu@14.2.33 OK for: next@14.2.35 want: 14.2.33
398 silly placeDep ROOT @next/swc-linux-x64-musl@14.2.33 OK for: next@14.2.35 want: 14.2.33
399 silly placeDep ROOT @next/swc-win32-arm64-msvc@14.2.33 OK for: next@14.2.35 want: 14.2.33
400 silly placeDep ROOT @next/swc-win32-ia32-msvc@14.2.33 OK for: next@14.2.35 want: 14.2.33
401 silly placeDep ROOT @next/swc-win32-x64-msvc@14.2.33 OK for: next@14.2.35 want: 14.2.33
402 silly placeDep ROOT @swc/helpers@0.5.5 OK for: next@14.2.35 want: 0.5.5
403 silly placeDep ROOT busboy@1.6.0 OK for: next@14.2.35 want: 1.6.0
404 silly placeDep ROOT graceful-fs@4.2.11 OK for: next@14.2.35 want: ^4.2.11
405 silly placeDep node_modules/next postcss@8.4.31 OK for: next@14.2.35 want: 8.4.31
406 silly placeDep ROOT styled-jsx@5.1.1 OK for: next@14.2.35 want: 5.1.1
407 silly fetch manifest @swc/counter@^0.1.3
408 silly packumentCache full:https://registry.npmjs.org/@swc%2fcounter cache-miss
409 silly fetch manifest streamsearch@^1.1.0
410 silly packumentCache full:https://registry.npmjs.org/streamsearch cache-miss
411 silly fetch manifest nanoid@^3.3.6
412 silly packumentCache full:https://registry.npmjs.org/nanoid cache-miss
413 silly fetch manifest source-map-js@^1.0.2
414 silly packumentCache full:https://registry.npmjs.org/source-map-js cache-miss
415 silly fetch manifest client-only@0.0.1
416 silly packumentCache full:https://registry.npmjs.org/client-only cache-miss
417 http cache https://registry.npmjs.org/source-map-js 43ms (cache hit)
418 silly packumentCache full:https://registry.npmjs.org/source-map-js set size:62640 disposed:false
419 http cache https://registry.npmjs.org/nanoid 64ms (cache hit)
420 silly packumentCache full:https://registry.npmjs.org/nanoid set size:335912 disposed:false
421 http fetch GET 200 https://registry.npmjs.org/client-only 301ms (cache miss)
422 silly packumentCache full:https://registry.npmjs.org/client-only set size:undefined disposed:false
423 http fetch GET 200 https://registry.npmjs.org/streamsearch 447ms (cache miss)
424 silly packumentCache full:https://registry.npmjs.org/streamsearch set size:undefined disposed:false
425 http fetch GET 200 https://registry.npmjs.org/@swc%2fcounter 758ms (cache miss)
426 silly packumentCache full:https://registry.npmjs.org/@swc%2fcounter set size:undefined disposed:false
427 silly placeDep ROOT @swc/counter@0.1.3 OK for: @swc/helpers@0.5.5 want: ^0.1.3
428 silly placeDep ROOT streamsearch@1.1.0 OK for: busboy@1.6.0 want: ^1.1.0
429 silly placeDep ROOT nanoid@3.3.16 OK for: postcss@8.5.25 want: ^3.3.16
430 silly placeDep ROOT source-map-js@1.2.1 OK for: postcss@8.5.25 want: ^1.2.1
431 silly placeDep ROOT loose-envify@1.4.0 OK for: react@18.3.1 want: ^1.1.0
432 silly fetch manifest js-tokens@^3.0.0 || ^4.0.0
433 silly packumentCache full:https://registry.npmjs.org/js-tokens cache-miss
434 http fetch GET 200 https://registry.npmjs.org/js-tokens 322ms (cache miss)
435 silly packumentCache full:https://registry.npmjs.org/js-tokens set size:undefined disposed:false
436 silly placeDep ROOT js-tokens@4.0.0 OK for: loose-envify@1.4.0 want: ^3.0.0 || ^4.0.0
437 silly placeDep ROOT scheduler@0.23.2 OK for: react-dom@18.3.1 want: ^0.23.2
438 silly placeDep ROOT qs@6.15.3 OK for: stripe@16.12.0 want: ^6.11.0
439 silly fetch manifest side-channel@^1.1.1
440 silly packumentCache full:https://registry.npmjs.org/side-channel cache-miss
441 silly fetch manifest es-define-property@^1.0.1
442 silly packumentCache full:https://registry.npmjs.org/es-define-property cache-miss
443 http fetch GET 200 https://registry.npmjs.org/es-define-property 253ms (cache miss)
444 silly packumentCache full:https://registry.npmjs.org/es-define-property set size:undefined disposed:false
445 http fetch GET 200 https://registry.npmjs.org/side-channel 276ms (cache miss)
446 silly packumentCache full:https://registry.npmjs.org/side-channel set size:undefined disposed:false
447 silly placeDep ROOT es-define-property@1.0.1 OK for: qs@6.15.3 want: ^1.0.1
448 silly placeDep ROOT side-channel@1.1.1 OK for: qs@6.15.3 want: ^1.1.1
449 silly fetch manifest es-errors@^1.3.0
450 silly packumentCache full:https://registry.npmjs.org/es-errors cache-miss
451 silly fetch manifest object-inspect@^1.13.4
452 silly packumentCache full:https://registry.npmjs.org/object-inspect cache-miss
453 silly fetch manifest side-channel-list@^1.0.1
454 silly packumentCache full:https://registry.npmjs.org/side-channel-list cache-miss
455 silly fetch manifest side-channel-map@^1.0.1
456 silly packumentCache full:https://registry.npmjs.org/side-channel-map cache-miss
457 silly fetch manifest side-channel-weakmap@^1.0.2
458 silly packumentCache full:https://registry.npmjs.org/side-channel-weakmap cache-miss
459 http fetch GET 200 https://registry.npmjs.org/es-errors 256ms (cache miss)
460 silly packumentCache full:https://registry.npmjs.org/es-errors set size:undefined disposed:false
461 http fetch GET 200 https://registry.npmjs.org/side-channel-weakmap 277ms (cache miss)
462 silly packumentCache full:https://registry.npmjs.org/side-channel-weakmap set size:undefined disposed:false
463 http fetch GET 200 https://registry.npmjs.org/side-channel-map 286ms (cache miss)
464 silly packumentCache full:https://registry.npmjs.org/side-channel-map set size:undefined disposed:false
465 http fetch GET 200 https://registry.npmjs.org/side-channel-list 304ms (cache miss)
466 silly packumentCache full:https://registry.npmjs.org/side-channel-list set size:undefined disposed:false
467 http fetch GET 200 https://registry.npmjs.org/object-inspect 323ms (cache miss)
468 silly packumentCache full:https://registry.npmjs.org/object-inspect set size:undefined disposed:false
469 silly placeDep ROOT es-errors@1.3.0 OK for: side-channel@1.1.1 want: ^1.3.0
470 silly placeDep ROOT object-inspect@1.13.4 OK for: side-channel@1.1.1 want: ^1.13.4
471 silly placeDep ROOT side-channel-list@1.0.1 OK for: side-channel@1.1.1 want: ^1.0.1
472 silly placeDep ROOT side-channel-map@1.0.1 OK for: side-channel@1.1.1 want: ^1.0.1
473 silly placeDep ROOT side-channel-weakmap@1.0.2 OK for: side-channel@1.1.1 want: ^1.0.2
474 silly fetch manifest call-bound@^1.0.2
475 silly packumentCache full:https://registry.npmjs.org/call-bound cache-miss
476 silly fetch manifest get-intrinsic@^1.2.5
477 silly packumentCache full:https://registry.npmjs.org/get-intrinsic cache-miss
478 silly fetch manifest call-bound@^1.0.2
479 silly packumentCache full:https://registry.npmjs.org/call-bound cache-miss
480 silly fetch manifest get-intrinsic@^1.2.5
481 silly packumentCache full:https://registry.npmjs.org/get-intrinsic cache-miss
482 http fetch GET 200 https://registry.npmjs.org/call-bound 354ms (cache miss)
483 silly packumentCache full:https://registry.npmjs.org/call-bound set size:undefined disposed:false
484 http fetch GET 200 https://registry.npmjs.org/call-bound 373ms (cache miss)
485 silly packumentCache full:https://registry.npmjs.org/call-bound set size:undefined disposed:false
486 http fetch GET 200 https://registry.npmjs.org/get-intrinsic 387ms (cache miss)
487 silly packumentCache full:https://registry.npmjs.org/get-intrinsic set size:undefined disposed:false
488 http fetch GET 200 https://registry.npmjs.org/get-intrinsic 423ms (cache miss)
489 silly packumentCache full:https://registry.npmjs.org/get-intrinsic set size:undefined disposed:false
490 silly placeDep ROOT call-bound@1.0.4 OK for: side-channel-map@1.0.1 want: ^1.0.2
491 silly placeDep ROOT get-intrinsic@1.3.0 OK for: side-channel-map@1.0.1 want: ^1.2.5
492 silly fetch manifest call-bind-apply-helpers@^1.0.2
493 silly packumentCache full:https://registry.npmjs.org/call-bind-apply-helpers cache-miss
494 silly fetch manifest get-intrinsic@^1.3.0
495 silly packumentCache full:https://registry.npmjs.org/get-intrinsic cache-miss
496 silly fetch manifest gopd@^1.2.0
497 silly packumentCache full:https://registry.npmjs.org/gopd cache-miss
498 silly fetch manifest hasown@^2.0.2
499 silly packumentCache full:https://registry.npmjs.org/hasown cache-miss
500 silly fetch manifest get-proto@^1.0.1
501 silly packumentCache full:https://registry.npmjs.org/get-proto cache-miss
502 silly fetch manifest has-symbols@^1.1.0
503 silly packumentCache full:https://registry.npmjs.org/has-symbols cache-miss
504 silly fetch manifest function-bind@^1.1.2
505 silly packumentCache full:https://registry.npmjs.org/function-bind cache-miss
506 http cache https://registry.npmjs.org/get-intrinsic 56ms (cache hit)
507 silly packumentCache full:https://registry.npmjs.org/get-intrinsic set size:60985 disposed:false
508 silly fetch manifest es-object-atoms@^1.1.1
509 silly packumentCache full:https://registry.npmjs.org/es-object-atoms cache-miss
510 http fetch GET 200 https://registry.npmjs.org/call-bind-apply-helpers 308ms (cache miss)
511 silly packumentCache full:https://registry.npmjs.org/call-bind-apply-helpers set size:undefined disposed:false
512 silly fetch manifest math-intrinsics@^1.1.0
513 silly packumentCache full:https://registry.npmjs.org/math-intrinsics cache-miss
514 http fetch GET 200 https://registry.npmjs.org/hasown 310ms (cache miss)
515 silly packumentCache full:https://registry.npmjs.org/hasown set size:undefined disposed:false
516 http fetch GET 200 https://registry.npmjs.org/has-symbols 326ms (cache miss)
517 silly packumentCache full:https://registry.npmjs.org/has-symbols set size:undefined disposed:false
518 http fetch GET 200 https://registry.npmjs.org/function-bind 345ms (cache miss)
519 silly packumentCache full:https://registry.npmjs.org/function-bind set size:undefined disposed:false
520 http fetch GET 200 https://registry.npmjs.org/get-proto 356ms (cache miss)
521 silly packumentCache full:https://registry.npmjs.org/get-proto set size:undefined disposed:false
522 http fetch GET 200 https://registry.npmjs.org/gopd 365ms (cache miss)
523 silly packumentCache full:https://registry.npmjs.org/gopd set size:undefined disposed:false
524 http fetch GET 200 https://registry.npmjs.org/es-object-atoms 312ms (cache miss)
525 silly packumentCache full:https://registry.npmjs.org/es-object-atoms set size:undefined disposed:false
526 http fetch GET 200 https://registry.npmjs.org/math-intrinsics 607ms (cache miss)
527 silly packumentCache full:https://registry.npmjs.org/math-intrinsics set size:undefined disposed:false
528 silly placeDep ROOT call-bind-apply-helpers@1.0.2 OK for: call-bound@1.0.4 want: ^1.0.2
529 silly placeDep ROOT function-bind@1.1.2 OK for: call-bind-apply-helpers@1.0.2 want: ^1.1.2
530 silly placeDep ROOT es-object-atoms@1.1.2 OK for: get-intrinsic@1.3.0 want: ^1.1.1
531 silly placeDep ROOT get-proto@1.0.1 OK for: get-intrinsic@1.3.0 want: ^1.0.1
532 silly placeDep ROOT gopd@1.2.0 OK for: get-intrinsic@1.3.0 want: ^1.2.0
533 silly placeDep ROOT has-symbols@1.1.0 OK for: get-intrinsic@1.3.0 want: ^1.1.0
534 silly placeDep ROOT hasown@2.0.4 OK for: get-intrinsic@1.3.0 want: ^2.0.2
535 silly placeDep ROOT math-intrinsics@1.1.0 OK for: get-intrinsic@1.3.0 want: ^1.1.0
536 silly fetch manifest dunder-proto@^1.0.1
537 silly packumentCache full:https://registry.npmjs.org/dunder-proto cache-miss
538 http fetch GET 200 https://registry.npmjs.org/dunder-proto 360ms (cache miss)
539 silly packumentCache full:https://registry.npmjs.org/dunder-proto set size:undefined disposed:false
540 silly placeDep ROOT dunder-proto@1.0.1 OK for: get-proto@1.0.1 want: ^1.0.1
541 silly placeDep ROOT client-only@0.0.1 OK for: styled-jsx@5.1.1 want: 0.0.1
542 silly fetch manifest postcss@^8.4.47
543 silly packumentCache full:https://registry.npmjs.org/postcss cache-hit
544 silly fetch manifest tsx@^4.8.1
545 silly packumentCache full:https://registry.npmjs.org/tsx cache-miss
546 http fetch GET 200 https://registry.npmjs.org/tsx 3422ms (cache miss)
547 silly packumentCache full:https://registry.npmjs.org/tsx set size:undefined disposed:false
548 silly fetch manifest yaml@^2.4.2
549 silly packumentCache full:https://registry.npmjs.org/yaml cache-miss
550 http fetch GET 200 https://registry.npmjs.org/yaml 492ms (cache miss)
551 silly packumentCache full:https://registry.npmjs.org/yaml set size:undefined disposed:false
552 silly placeDep ROOT @alloc/quick-lru@5.2.0 OK for: tailwindcss@3.4.19 want: ^5.2.0
553 silly placeDep ROOT arg@5.0.2 OK for: tailwindcss@3.4.19 want: ^5.0.2
554 silly placeDep ROOT chokidar@3.6.0 OK for: tailwindcss@3.4.19 want: ^3.6.0
555 silly placeDep ROOT didyoumean@1.2.2 OK for: tailwindcss@3.4.19 want: ^1.2.2
556 silly placeDep ROOT dlv@1.1.3 OK for: tailwindcss@3.4.19 want: ^1.1.3
557 silly placeDep ROOT fast-glob@3.3.3 OK for: tailwindcss@3.4.19 want: ^3.3.2
558 silly placeDep ROOT glob-parent@6.0.2 OK for: tailwindcss@3.4.19 want: ^6.0.2
559 silly placeDep ROOT is-glob@4.0.3 OK for: tailwindcss@3.4.19 want: ^4.0.3
560 silly placeDep ROOT jiti@1.21.7 OK for: tailwindcss@3.4.19 want: ^1.21.7
561 silly placeDep ROOT lilconfig@3.1.3 OK for: tailwindcss@3.4.19 want: ^3.1.3
562 silly placeDep ROOT micromatch@4.0.8 OK for: tailwindcss@3.4.19 want: ^4.0.8
563 silly placeDep ROOT normalize-path@3.0.0 OK for: tailwindcss@3.4.19 want: ^3.0.0
564 silly placeDep ROOT object-hash@3.0.0 OK for: tailwindcss@3.4.19 want: ^3.0.0
565 silly placeDep ROOT postcss-import@15.1.0 OK for: tailwindcss@3.4.19 want: ^15.1.0
566 silly placeDep ROOT postcss-js@4.1.0 OK for: tailwindcss@3.4.19 want: ^4.0.1
567 silly placeDep ROOT postcss-load-config@6.0.1 OK for: tailwindcss@3.4.19 want: ^4.0.2 || ^5.0 || ^6.0
568 silly placeDep ROOT postcss-nested@6.2.0 OK for: tailwindcss@3.4.19 want: ^6.2.0
569 silly placeDep ROOT postcss-selector-parser@6.1.4 OK for: tailwindcss@3.4.19 want: ^6.1.2
570 silly placeDep ROOT resolve@1.22.12 OK for: tailwindcss@3.4.19 want: ^1.22.8
571 silly placeDep ROOT sucrase@3.35.1 OK for: tailwindcss@3.4.19 want: ^3.35.0
572 silly fetch manifest braces@~3.0.2
573 silly packumentCache full:https://registry.npmjs.org/braces cache-miss
574 silly fetch manifest is-glob@~4.0.1
575 silly packumentCache full:https://registry.npmjs.org/is-glob cache-miss
576 silly fetch manifest anymatch@~3.1.2
577 silly packumentCache full:https://registry.npmjs.org/anymatch cache-miss
578 silly fetch manifest readdirp@~3.6.0
579 silly packumentCache full:https://registry.npmjs.org/readdirp cache-miss
580 silly fetch manifest glob-parent@~5.1.2
581 silly packumentCache full:https://registry.npmjs.org/glob-parent cache-miss
582 silly fetch manifest is-binary-path@~2.1.0
583 silly packumentCache full:https://registry.npmjs.org/is-binary-path cache-miss
584 silly fetch manifest normalize-path@~3.0.0
585 silly packumentCache full:https://registry.npmjs.org/normalize-path cache-miss
586 http cache https://registry.npmjs.org/glob-parent 63ms (cache hit)
587 silly packumentCache full:https://registry.npmjs.org/glob-parent set size:42445 disposed:false
588 silly fetch manifest fsevents@~2.3.2
589 silly packumentCache full:https://registry.npmjs.org/fsevents cache-miss
590 http cache https://registry.npmjs.org/is-glob 80ms (cache hit)
591 silly packumentCache full:https://registry.npmjs.org/is-glob set size:40530 disposed:false
592 silly fetch manifest @nodelib/fs.stat@^2.0.2
593 silly packumentCache full:https://registry.npmjs.org/@nodelib%2ffs.stat cache-miss
594 http cache https://registry.npmjs.org/normalize-path 79ms (cache hit)
595 silly packumentCache full:https://registry.npmjs.org/normalize-path set size:28713 disposed:false
596 silly fetch manifest @nodelib/fs.walk@^1.2.3
597 silly packumentCache full:https://registry.npmjs.org/@nodelib%2ffs.walk cache-miss
598 http fetch GET 200 https://registry.npmjs.org/is-binary-path 323ms (cache miss)
599 silly packumentCache full:https://registry.npmjs.org/is-binary-path set size:undefined disposed:false
600 silly fetch manifest glob-parent@^5.1.2
601 silly packumentCache full:https://registry.npmjs.org/glob-parent cache-hit
602 silly fetch manifest merge2@^1.3.0
603 silly packumentCache full:https://registry.npmjs.org/merge2 cache-miss
604 http fetch GET 200 https://registry.npmjs.org/braces 421ms (cache miss)
605 silly packumentCache full:https://registry.npmjs.org/braces set size:undefined disposed:false
606 silly fetch manifest is-extglob@^2.1.1
607 silly packumentCache full:https://registry.npmjs.org/is-extglob cache-miss
608 http fetch GET 200 https://registry.npmjs.org/anymatch 466ms (cache miss)
609 silly packumentCache full:https://registry.npmjs.org/anymatch set size:undefined disposed:false
610 silly fetch manifest braces@^3.0.3
611 silly packumentCache full:https://registry.npmjs.org/braces cache-miss
612 http cache https://registry.npmjs.org/braces 14ms (cache hit)
613 silly packumentCache full:https://registry.npmjs.org/braces set size:114529 disposed:false
614 silly fetch manifest picomatch@^2.3.1
615 silly packumentCache full:https://registry.npmjs.org/picomatch cache-miss
616 http fetch GET 200 https://registry.npmjs.org/fsevents 450ms (cache miss)
617 silly packumentCache full:https://registry.npmjs.org/fsevents set size:undefined disposed:false
618 silly fetch manifest resolve@^1.1.7
619 silly packumentCache full:https://registry.npmjs.org/resolve cache-miss
620 http cache https://registry.npmjs.org/resolve 18ms (cache hit)
621 silly packumentCache full:https://registry.npmjs.org/resolve set size:244568 disposed:false
622 silly fetch manifest read-cache@^1.0.0
623 silly packumentCache full:https://registry.npmjs.org/read-cache cache-miss
624 http fetch GET 200 https://registry.npmjs.org/readdirp 593ms (cache miss)
625 silly packumentCache full:https://registry.npmjs.org/readdirp set size:undefined disposed:false
626 silly fetch manifest camelcase-css@^2.0.1
627 silly packumentCache full:https://registry.npmjs.org/camelcase-css cache-miss
628 http fetch GET 200 https://registry.npmjs.org/merge2 348ms (cache miss)
629 silly packumentCache full:https://registry.npmjs.org/merge2 set size:undefined disposed:false
630 silly fetch manifest postcss-selector-parser@^6.1.1
631 silly packumentCache full:https://registry.npmjs.org/postcss-selector-parser cache-miss
632 http cache https://registry.npmjs.org/postcss-selector-parser 22ms (cache hit)
633 silly packumentCache full:https://registry.npmjs.org/postcss-selector-parser set size:193966 disposed:false
634 silly fetch manifest cssesc@^3.0.0
635 silly packumentCache full:https://registry.npmjs.org/cssesc cache-miss
636 http fetch GET 200 https://registry.npmjs.org/is-extglob 315ms (cache miss)
637 silly packumentCache full:https://registry.npmjs.org/is-extglob set size:undefined disposed:false
638 silly fetch manifest util-deprecate@^1.0.2
639 silly packumentCache full:https://registry.npmjs.org/util-deprecate cache-miss
640 http fetch GET 200 https://registry.npmjs.org/@nodelib%2ffs.walk 782ms (cache miss)
641 silly packumentCache full:https://registry.npmjs.org/@nodelib%2ffs.walk set size:undefined disposed:false
642 silly fetch manifest path-parse@^1.0.7
643 silly packumentCache full:https://registry.npmjs.org/path-parse cache-miss
644 http fetch GET 200 https://registry.npmjs.org/read-cache 328ms (cache miss)
645 silly packumentCache full:https://registry.npmjs.org/read-cache set size:undefined disposed:false
646 silly fetch manifest is-core-module@^2.16.1
647 silly packumentCache full:https://registry.npmjs.org/is-core-module cache-miss
648 http fetch GET 200 https://registry.npmjs.org/camelcase-css 322ms (cache miss)
649 silly packumentCache full:https://registry.npmjs.org/camelcase-css set size:undefined disposed:false
650 silly fetch manifest supports-preserve-symlinks-flag@^1.0.0
651 silly packumentCache full:https://registry.npmjs.org/supports-preserve-symlinks-flag cache-miss
652 http fetch GET 200 https://registry.npmjs.org/@nodelib%2ffs.stat 855ms (cache miss)
653 silly packumentCache full:https://registry.npmjs.org/@nodelib%2ffs.stat set size:undefined disposed:false
654 silly fetch manifest @jridgewell/gen-mapping@^0.3.2
655 silly packumentCache full:https://registry.npmjs.org/@jridgewell%2fgen-mapping cache-miss
656 http fetch GET 200 https://registry.npmjs.org/cssesc 263ms (cache miss)
657 silly packumentCache full:https://registry.npmjs.org/cssesc set size:undefined disposed:false
658 silly fetch manifest commander@^4.0.0
659 silly packumentCache full:https://registry.npmjs.org/commander cache-miss
660 http fetch GET 200 https://registry.npmjs.org/util-deprecate 267ms (cache miss)
661 silly packumentCache full:https://registry.npmjs.org/util-deprecate set size:undefined disposed:false
662 silly fetch manifest lines-and-columns@^1.1.6
663 silly packumentCache full:https://registry.npmjs.org/lines-and-columns cache-miss
664 http fetch GET 200 https://registry.npmjs.org/picomatch 555ms (cache miss)
665 silly packumentCache full:https://registry.npmjs.org/picomatch set size:undefined disposed:false
666 silly fetch manifest mz@^2.7.0
667 silly packumentCache full:https://registry.npmjs.org/mz cache-miss
668 http fetch GET 200 https://registry.npmjs.org/path-parse 262ms (cache miss)
669 silly packumentCache full:https://registry.npmjs.org/path-parse set size:undefined disposed:false
670 silly fetch manifest pirates@^4.0.1
671 silly packumentCache full:https://registry.npmjs.org/pirates cache-miss
672 http fetch GET 200 https://registry.npmjs.org/is-core-module 287ms (cache miss)
673 silly packumentCache full:https://registry.npmjs.org/is-core-module set size:undefined disposed:false
674 silly fetch manifest tinyglobby@^0.2.11
675 silly packumentCache full:https://registry.npmjs.org/tinyglobby cache-miss
676 http fetch GET 200 https://registry.npmjs.org/supports-preserve-symlinks-flag 288ms (cache miss)
677 silly packumentCache full:https://registry.npmjs.org/supports-preserve-symlinks-flag set size:undefined disposed:false
678 silly fetch manifest ts-interface-checker@^0.1.9
679 silly packumentCache full:https://registry.npmjs.org/ts-interface-checker cache-miss
680 http fetch GET 200 https://registry.npmjs.org/lines-and-columns 381ms (cache miss)
681 silly packumentCache full:https://registry.npmjs.org/lines-and-columns set size:undefined disposed:false
682 http fetch GET 200 https://registry.npmjs.org/commander 497ms (cache miss)
683 silly packumentCache full:https://registry.npmjs.org/commander set size:undefined disposed:false
684 http fetch GET 200 https://registry.npmjs.org/mz 479ms (cache miss)
685 silly packumentCache full:https://registry.npmjs.org/mz set size:undefined disposed:false
686 http fetch GET 200 https://registry.npmjs.org/pirates 419ms (cache miss)
687 silly packumentCache full:https://registry.npmjs.org/pirates set size:undefined disposed:false
688 http fetch GET 200 https://registry.npmjs.org/tinyglobby 370ms (cache miss)
689 silly packumentCache full:https://registry.npmjs.org/tinyglobby set size:undefined disposed:false
690 http fetch GET 200 https://registry.npmjs.org/ts-interface-checker 377ms (cache miss)
691 silly packumentCache full:https://registry.npmjs.org/ts-interface-checker set size:undefined disposed:false
692 http fetch GET 200 https://registry.npmjs.org/@jridgewell%2fgen-mapping 795ms (cache miss)
693 silly packumentCache full:https://registry.npmjs.org/@jridgewell%2fgen-mapping set size:undefined disposed:false
694 silly placeDep ROOT anymatch@3.1.3 OK for: chokidar@3.6.0 want: ~3.1.2
695 silly placeDep ROOT braces@3.0.3 OK for: chokidar@3.6.0 want: ~3.0.2
696 silly placeDep ROOT fsevents@2.3.3 OK for: chokidar@3.6.0 want: ~2.3.2
697 silly placeDep node_modules/chokidar glob-parent@5.1.2 OK for: chokidar@3.6.0 want: ~5.1.2
698 silly placeDep ROOT is-binary-path@2.1.0 OK for: chokidar@3.6.0 want: ~2.1.0
699 silly placeDep ROOT readdirp@3.6.0 OK for: chokidar@3.6.0 want: ~3.6.0
700 silly fetch manifest picomatch@^2.0.4
701 silly packumentCache full:https://registry.npmjs.org/picomatch cache-miss
702 silly fetch manifest fill-range@^7.1.1
703 silly packumentCache full:https://registry.npmjs.org/fill-range cache-miss
704 silly fetch manifest binary-extensions@^2.0.0
705 silly packumentCache full:https://registry.npmjs.org/binary-extensions cache-miss
706 silly fetch manifest picomatch@^2.2.1
707 silly packumentCache full:https://registry.npmjs.org/picomatch cache-miss
708 http cache https://registry.npmjs.org/picomatch 32ms (cache hit)
709 silly packumentCache full:https://registry.npmjs.org/picomatch set size:128942 disposed:false
710 http cache https://registry.npmjs.org/picomatch 36ms (cache hit)
711 silly packumentCache full:https://registry.npmjs.org/picomatch set size:128942 disposed:false
712 silly packumentCache full:https://registry.npmjs.org/picomatch dispose
713 http fetch GET 200 https://registry.npmjs.org/fill-range 280ms (cache miss)
714 silly packumentCache full:https://registry.npmjs.org/fill-range set size:undefined disposed:false
715 http fetch GET 200 https://registry.npmjs.org/binary-extensions 302ms (cache miss)
716 silly packumentCache full:https://registry.npmjs.org/binary-extensions set size:undefined disposed:false
717 silly placeDep ROOT picomatch@2.3.2 OK for: anymatch@3.1.3 want: ^2.0.4
718 silly placeDep ROOT fill-range@7.1.1 OK for: braces@3.0.3 want: ^7.1.1
719 silly fetch manifest to-regex-range@^5.0.1
720 silly packumentCache full:https://registry.npmjs.org/to-regex-range cache-miss
721 http fetch GET 200 https://registry.npmjs.org/to-regex-range 342ms (cache miss)
722 silly packumentCache full:https://registry.npmjs.org/to-regex-range set size:undefined disposed:false
723 silly placeDep ROOT @nodelib/fs.stat@2.0.5 OK for: fast-glob@3.3.3 want: ^2.0.2
724 silly placeDep ROOT @nodelib/fs.walk@1.2.8 OK for: fast-glob@3.3.3 want: ^1.2.3
725 silly placeDep node_modules/fast-glob glob-parent@5.1.2 OK for: fast-glob@3.3.3 want: ^5.1.2
726 silly placeDep ROOT merge2@1.4.1 OK for: fast-glob@3.3.3 want: ^1.3.0
727 silly fetch manifest fastq@^1.6.0
728 silly packumentCache full:https://registry.npmjs.org/fastq cache-miss
729 silly fetch manifest @nodelib/fs.scandir@2.1.5
730 silly packumentCache full:https://registry.npmjs.org/@nodelib%2ffs.scandir cache-miss
731 http fetch GET 200 https://registry.npmjs.org/fastq 301ms (cache miss)
732 silly packumentCache full:https://registry.npmjs.org/fastq set size:undefined disposed:false
733 http fetch GET 200 https://registry.npmjs.org/@nodelib%2ffs.scandir 806ms (cache miss)
734 silly packumentCache full:https://registry.npmjs.org/@nodelib%2ffs.scandir set size:undefined disposed:false
735 silly placeDep ROOT @nodelib/fs.scandir@2.1.5 OK for: @nodelib/fs.walk@1.2.8 want: 2.1.5
736 silly placeDep ROOT fastq@1.20.1 OK for: @nodelib/fs.walk@1.2.8 want: ^1.6.0
737 silly fetch manifest run-parallel@^1.1.9
738 silly packumentCache full:https://registry.npmjs.org/run-parallel cache-miss
739 silly fetch manifest reusify@^1.0.4
740 silly packumentCache full:https://registry.npmjs.org/reusify cache-miss
741 http fetch GET 200 https://registry.npmjs.org/reusify 264ms (cache miss)
742 silly packumentCache full:https://registry.npmjs.org/reusify set size:undefined disposed:false
743 http fetch GET 200 https://registry.npmjs.org/run-parallel 329ms (cache miss)
744 silly packumentCache full:https://registry.npmjs.org/run-parallel set size:undefined disposed:false
745 silly placeDep ROOT run-parallel@1.2.0 OK for: @nodelib/fs.scandir@2.1.5 want: ^1.1.9
746 silly fetch manifest queue-microtask@^1.2.2
747 silly packumentCache full:https://registry.npmjs.org/queue-microtask cache-miss
748 http fetch GET 200 https://registry.npmjs.org/queue-microtask 283ms (cache miss)
749 silly packumentCache full:https://registry.npmjs.org/queue-microtask set size:undefined disposed:false
750 silly placeDep ROOT reusify@1.1.0 OK for: fastq@1.20.1 want: ^1.0.4
751 silly placeDep ROOT to-regex-range@5.0.1 OK for: fill-range@7.1.1 want: ^5.0.1
752 silly fetch manifest is-number@^7.0.0
753 silly packumentCache full:https://registry.npmjs.org/is-number cache-miss
754 http fetch GET 200 https://registry.npmjs.org/is-number 599ms (cache miss)
755 silly packumentCache full:https://registry.npmjs.org/is-number set size:undefined disposed:false
756 silly placeDep ROOT binary-extensions@2.3.0 OK for: is-binary-path@2.1.0 want: ^2.0.0
757 silly placeDep ROOT is-extglob@2.1.1 OK for: is-glob@4.0.3 want: ^2.1.1
758 silly placeDep ROOT read-cache@1.0.0 OK for: postcss-import@15.1.0 want: ^1.0.0
759 silly fetch manifest pify@^2.3.0
760 silly packumentCache full:https://registry.npmjs.org/pify cache-miss
761 http fetch GET 200 https://registry.npmjs.org/pify 308ms (cache miss)
762 silly packumentCache full:https://registry.npmjs.org/pify set size:undefined disposed:false
763 silly placeDep ROOT camelcase-css@2.0.1 OK for: postcss-js@4.1.0 want: ^2.0.1
764 silly placeDep ROOT cssesc@3.0.0 OK for: postcss-selector-parser@6.1.4 want: ^3.0.0
765 silly placeDep ROOT util-deprecate@1.0.2 OK for: postcss-selector-parser@6.1.4 want: ^1.0.2
766 silly placeDep ROOT pify@2.3.0 OK for: read-cache@1.0.0 want: ^2.3.0
767 silly placeDep ROOT is-core-module@2.16.2 OK for: resolve@1.22.12 want: ^2.16.1
768 silly placeDep ROOT path-parse@1.0.7 OK for: resolve@1.22.12 want: ^1.0.7
769 silly placeDep ROOT supports-preserve-symlinks-flag@1.0.0 OK for: resolve@1.22.12 want: ^1.0.0
770 silly placeDep ROOT queue-microtask@1.2.3 OK for: run-parallel@1.2.0 want: ^1.2.2
771 silly placeDep ROOT @jridgewell/gen-mapping@0.3.13 OK for: sucrase@3.35.1 want: ^0.3.2
772 silly placeDep ROOT commander@4.1.1 OK for: sucrase@3.35.1 want: ^4.0.0
773 silly placeDep ROOT lines-and-columns@1.2.4 OK for: sucrase@3.35.1 want: ^1.1.6
774 silly placeDep ROOT mz@2.7.0 OK for: sucrase@3.35.1 want: ^2.7.0
775 silly placeDep ROOT pirates@4.0.7 OK for: sucrase@3.35.1 want: ^4.0.1
776 silly placeDep ROOT tinyglobby@0.2.17 OK for: sucrase@3.35.1 want: ^0.2.11
777 silly placeDep ROOT ts-interface-checker@0.1.13 OK for: sucrase@3.35.1 want: ^0.1.9
778 silly fetch manifest @jridgewell/trace-mapping@^0.3.24
779 silly packumentCache full:https://registry.npmjs.org/@jridgewell%2ftrace-mapping cache-miss
780 silly fetch manifest @jridgewell/sourcemap-codec@^1.5.0
781 silly packumentCache full:https://registry.npmjs.org/@jridgewell%2fsourcemap-codec cache-miss
782 silly fetch manifest any-promise@^1.0.0
783 silly packumentCache full:https://registry.npmjs.org/any-promise cache-miss
784 silly fetch manifest object-assign@^4.0.1
785 silly packumentCache full:https://registry.npmjs.org/object-assign cache-miss
786 silly fetch manifest thenify-all@^1.0.0
787 silly packumentCache full:https://registry.npmjs.org/thenify-all cache-miss
788 silly fetch manifest fdir@^6.5.0
789 silly packumentCache full:https://registry.npmjs.org/fdir cache-miss
790 silly fetch manifest picomatch@^4.0.4
791 silly packumentCache full:https://registry.npmjs.org/picomatch cache-hit
792 http fetch GET 200 https://registry.npmjs.org/object-assign 300ms (cache miss)
793 silly packumentCache full:https://registry.npmjs.org/object-assign set size:undefined disposed:false
794 http fetch GET 200 https://registry.npmjs.org/any-promise 312ms (cache miss)
795 silly packumentCache full:https://registry.npmjs.org/any-promise set size:undefined disposed:false
796 http fetch GET 200 https://registry.npmjs.org/thenify-all 329ms (cache miss)
797 silly packumentCache full:https://registry.npmjs.org/thenify-all set size:undefined disposed:false
798 http fetch GET 200 https://registry.npmjs.org/fdir 422ms (cache miss)
799 silly packumentCache full:https://registry.npmjs.org/fdir set size:undefined disposed:false
800 http fetch GET 200 https://registry.npmjs.org/@jridgewell%2fsourcemap-codec 788ms (cache miss)
801 silly packumentCache full:https://registry.npmjs.org/@jridgewell%2fsourcemap-codec set size:undefined disposed:false
802 http fetch GET 200 https://registry.npmjs.org/@jridgewell%2ftrace-mapping 823ms (cache miss)
803 silly packumentCache full:https://registry.npmjs.org/@jridgewell%2ftrace-mapping set size:undefined disposed:false
804 silly placeDep ROOT @jridgewell/sourcemap-codec@1.5.5 OK for: @jridgewell/gen-mapping@0.3.13 want: ^1.5.0
805 silly placeDep ROOT @jridgewell/trace-mapping@0.3.31 OK for: @jridgewell/gen-mapping@0.3.13 want: ^0.3.24
806 silly fetch manifest @jridgewell/resolve-uri@^3.1.0
807 silly packumentCache full:https://registry.npmjs.org/@jridgewell%2fresolve-uri cache-miss
808 http fetch GET 200 https://registry.npmjs.org/@jridgewell%2fresolve-uri 777ms (cache miss)
809 silly packumentCache full:https://registry.npmjs.org/@jridgewell%2fresolve-uri set size:undefined disposed:false
810 silly placeDep ROOT @jridgewell/resolve-uri@3.1.2 OK for: @jridgewell/trace-mapping@0.3.31 want: ^3.1.0
811 silly placeDep ROOT any-promise@1.3.0 OK for: mz@2.7.0 want: ^1.0.0
812 silly placeDep ROOT object-assign@4.1.1 OK for: mz@2.7.0 want: ^4.0.1
813 silly placeDep ROOT thenify-all@1.6.0 OK for: mz@2.7.0 want: ^1.0.0
814 silly fetch manifest thenify@>= 3.1.0 < 4
815 silly packumentCache full:https://registry.npmjs.org/thenify cache-miss
816 http fetch GET 200 https://registry.npmjs.org/thenify 305ms (cache miss)
817 silly packumentCache full:https://registry.npmjs.org/thenify set size:undefined disposed:false
818 silly placeDep ROOT thenify@3.3.1 OK for: thenify-all@1.6.0 want: >= 3.1.0 < 4
819 silly placeDep node_modules/tinyglobby fdir@6.5.0 OK for: tinyglobby@0.2.17 want: ^6.5.0
820 silly placeDep node_modules/tinyglobby picomatch@4.0.5 OK for: fdir@6.5.0 want: ^3 || ^4
821 silly placeDep ROOT is-number@7.0.0 OK for: to-regex-range@5.0.1 want: ^7.0.0
822 silly placeDep ROOT escalade@3.2.0 OK for: update-browserslist-db@1.2.3 want: ^3.2.0
823 silly reify moves {}
824 silly audit bulk request {
824 silly audit   '@supabase/ssr': [ '0.5.2' ],
824 silly audit   '@supabase/supabase-js': [ '2.111.0' ],
824 silly audit   '@types/node': [ '20.19.43' ],
824 silly audit   '@types/react': [ '18.3.31' ],
824 silly audit   '@types/react-dom': [ '18.3.7' ],
824 silly audit   autoprefixer: [ '10.5.4' ],
824 silly audit   postcss: [ '8.5.25', '8.4.31' ],
824 silly audit   next: [ '14.2.35' ],
824 silly audit   react: [ '18.3.1' ],
824 silly audit   'react-dom': [ '18.3.1' ],
824 silly audit   stripe: [ '16.12.0' ],
824 silly audit   tailwindcss: [ '3.4.19' ],
824 silly audit   typescript: [ '5.9.3' ],
824 silly audit   '@types/cookie': [ '0.6.0' ],
824 silly audit   cookie: [ '0.7.2' ],
824 silly audit   '@supabase/auth-js': [ '2.111.0' ],
824 silly audit   '@supabase/functions-js': [ '2.111.0' ],
824 silly audit   '@supabase/postgrest-js': [ '2.111.0' ],
824 silly audit   '@supabase/realtime-js': [ '2.111.0' ],
824 silly audit   '@supabase/storage-js': [ '2.111.0' ],
824 silly audit   tslib: [ '2.8.1' ],
824 silly audit   '@supabase/phoenix': [ '0.4.5' ],
824 silly audit   'iceberg-js': [ '0.8.1' ],
824 silly audit   'undici-types': [ '6.21.0' ],
824 silly audit   '@types/prop-types': [ '15.7.15' ],
824 silly audit   csstype: [ '3.2.3' ],
824 silly audit   browserslist: [ '4.28.7' ],
824 silly audit   'caniuse-lite': [ '1.0.30001806' ],
824 silly audit   'fraction.js': [ '5.3.4' ],
824 silly audit   picocolors: [ '1.1.1' ],
824 silly audit   'postcss-value-parser': [ '4.2.0' ],
824 silly audit   'baseline-browser-mapping': [ '2.11.9' ],
824 silly audit   'electron-to-chromium': [ '1.5.399' ],
824 silly audit   'node-releases': [ '2.0.51' ],
824 silly audit   'update-browserslist-db': [ '1.2.3' ],
824 silly audit   '@next/env': [ '14.2.35' ],
824 silly audit   '@next/swc-darwin-arm64': [ '14.2.33' ],
824 silly audit   '@next/swc-darwin-x64': [ '14.2.33' ],
824 silly audit   '@next/swc-linux-arm64-gnu': [ '14.2.33' ],
824 silly audit   '@next/swc-linux-arm64-musl': [ '14.2.33' ],
824 silly audit   '@next/swc-linux-x64-gnu': [ '14.2.33' ],
824 silly audit   '@next/swc-linux-x64-musl': [ '14.2.33' ],
824 silly audit   '@next/swc-win32-arm64-msvc': [ '14.2.33' ],
824 silly audit   '@next/swc-win32-ia32-msvc': [ '14.2.33' ],
824 silly audit   '@next/swc-win32-x64-msvc': [ '14.2.33' ],
824 silly audit   '@swc/helpers': [ '0.5.5' ],
824 silly audit   busboy: [ '1.6.0' ],
824 silly audit   'graceful-fs': [ '4.2.11' ],
824 silly audit   'styled-jsx': [ '5.1.1' ],
824 silly audit   '@swc/counter': [ '0.1.3' ],
824 silly audit   streamsearch: [ '1.1.0' ],
824 silly audit   nanoid: [ '3.3.16' ],
824 silly audit   'source-map-js': [ '1.2.1' ],
824 silly audit   'loose-envify': [ '1.4.0' ],
824 silly audit   'js-tokens': [ '4.0.0' ],
824 silly audit   scheduler: [ '0.23.2' ],
824 silly audit   qs: [ '6.15.3' ],
824 silly audit   'es-define-property': [ '1.0.1' ],
824 silly audit   'side-channel': [ '1.1.1' ],
824 silly audit   'es-errors': [ '1.3.0' ],
824 silly audit   'object-inspect': [ '1.13.4' ],
824 silly audit   'side-channel-list': [ '1.0.1' ],
824 silly audit   'side-channel-map': [ '1.0.1' ],
824 silly audit   'side-channel-weakmap': [ '1.0.2' ],
824 silly audit   'call-bound': [ '1.0.4' ],
824 silly audit   'get-intrinsic': [ '1.3.0' ],
824 silly audit   'call-bind-apply-helpers': [ '1.0.2' ],
824 silly audit   'function-bind': [ '1.1.2' ],
824 silly audit   'es-object-atoms': [ '1.1.2' ],
824 silly audit   'get-proto': [ '1.0.1' ],
824 silly audit   gopd: [ '1.2.0' ],
824 silly audit   'has-symbols': [ '1.1.0' ],
824 silly audit   hasown: [ '2.0.4' ],
824 silly audit   'math-intrinsics': [ '1.1.0' ],
824 silly audit   'dunder-proto': [ '1.0.1' ],
824 silly audit   'client-only': [ '0.0.1' ],
824 silly audit   '@alloc/quick-lru': [ '5.2.0' ],
824 silly audit   arg: [ '5.0.2' ],
824 silly audit   chokidar: [ '3.6.0' ],
824 silly audit   didyoumean: [ '1.2.2' ],
824 silly audit   dlv: [ '1.1.3' ],
824 silly audit   'fast-glob': [ '3.3.3' ],
824 silly audit   'glob-parent': [ '6.0.2', '5.1.2' ],
824 silly audit   'is-glob': [ '4.0.3' ],
824 silly audit   jiti: [ '1.21.7' ],
824 silly audit   lilconfig: [ '3.1.3' ],
824 silly audit   micromatch: [ '4.0.8' ],
824 silly audit   'normalize-path': [ '3.0.0' ],
824 silly audit   'object-hash': [ '3.0.0' ],
824 silly audit   'postcss-import': [ '15.1.0' ],
824 silly audit   'postcss-js': [ '4.1.0' ],
824 silly audit   'postcss-load-config': [ '6.0.1' ],
824 silly audit   'postcss-nested': [ '6.2.0' ],
824 silly audit   'postcss-selector-parser': [ '6.1.4' ],
824 silly audit   resolve: [ '1.22.12' ],
824 silly audit   sucrase: [ '3.35.1' ],
824 silly audit   anymatch: [ '3.1.3' ],
824 silly audit   braces: [ '3.0.3' ],
824 silly audit   fsevents: [ '2.3.3' ],
824 silly audit   'is-binary-path': [ '2.1.0' ],
824 silly audit   readdirp: [ '3.6.0' ],
824 silly audit   picomatch: [ '2.3.2', '4.0.5' ],
824 silly audit   'fill-range': [ '7.1.1' ],
824 silly audit   '@nodelib/fs.stat': [ '2.0.5' ],
824 silly audit   '@nodelib/fs.walk': [ '1.2.8' ],
824 silly audit   merge2: [ '1.4.1' ],
824 silly audit   '@nodelib/fs.scandir': [ '2.1.5' ],
824 silly audit   fastq: [ '1.20.1' ],
824 silly audit   'run-parallel': [ '1.2.0' ],
824 silly audit   reusify: [ '1.1.0' ],
824 silly audit   'to-regex-range': [ '5.0.1' ],
824 silly audit   'binary-extensions': [ '2.3.0' ],
824 silly audit   'is-extglob': [ '2.1.1' ],
824 silly audit   'read-cache': [ '1.0.0' ],
824 silly audit   'camelcase-css': [ '2.0.1' ],
824 silly audit   cssesc: [ '3.0.0' ],
824 silly audit   'util-deprecate': [ '1.0.2' ],
824 silly audit   pify: [ '2.3.0' ],
824 silly audit   'is-core-module': [ '2.16.2' ],
824 silly audit   'path-parse': [ '1.0.7' ],
824 silly audit   'supports-preserve-symlinks-flag': [ '1.0.0' ],
824 silly audit   'queue-microtask': [ '1.2.3' ],
824 silly audit   '@jridgewell/gen-mapping': [ '0.3.13' ],
824 silly audit   commander: [ '4.1.1' ],
824 silly audit   'lines-and-columns': [ '1.2.4' ],
824 silly audit   mz: [ '2.7.0' ],
824 silly audit   pirates: [ '4.0.7' ],
824 silly audit   tinyglobby: [ '0.2.17' ],
824 silly audit   'ts-interface-checker': [ '0.1.13' ],
824 silly audit   '@jridgewell/sourcemap-codec': [ '1.5.5' ],
824 silly audit   '@jridgewell/trace-mapping': [ '0.3.31' ],
824 silly audit   '@jridgewell/resolve-uri': [ '3.1.2' ],
824 silly audit   'any-promise': [ '1.3.0' ],
824 silly audit   'object-assign': [ '4.1.1' ],
824 silly audit   'thenify-all': [ '1.6.0' ],
824 silly audit   thenify: [ '3.3.1' ],
824 silly audit   fdir: [ '6.5.0' ],
824 silly audit   'is-number': [ '7.0.0' ],
824 silly audit   escalade: [ '3.2.0' ]
824 silly audit }
825 http cache is-number@https://registry.npmjs.org/is-number/-/is-number-7.0.0.tgz 0ms (cache hit)
826 http cache escalade@https://registry.npmjs.org/escalade/-/escalade-3.2.0.tgz 0ms (cache hit)
827 http cache thenify@https://registry.npmjs.org/thenify/-/thenify-3.3.1.tgz 0ms (cache hit)
828 http cache thenify-all@https://registry.npmjs.org/thenify-all/-/thenify-all-1.6.0.tgz 0ms (cache hit)
829 http cache object-assign@https://registry.npmjs.org/object-assign/-/object-assign-4.1.1.tgz 0ms (cache hit)
830 http cache any-promise@https://registry.npmjs.org/any-promise/-/any-promise-1.3.0.tgz 0ms (cache hit)
831 http cache @jridgewell/resolve-uri@https://registry.npmjs.org/@jridgewell/resolve-uri/-/resolve-uri-3.1.2.tgz 1ms (cache hit)
832 http cache @jridgewell/trace-mapping@https://registry.npmjs.org/@jridgewell/trace-mapping/-/trace-mapping-0.3.31.tgz 0ms (cache hit)
833 http cache @jridgewell/sourcemap-codec@https://registry.npmjs.org/@jridgewell/sourcemap-codec/-/sourcemap-codec-1.5.5.tgz 0ms (cache hit)
834 http cache tinyglobby@https://registry.npmjs.org/tinyglobby/-/tinyglobby-0.2.17.tgz 0ms (cache hit)
835 http cache ts-interface-checker@https://registry.npmjs.org/ts-interface-checker/-/ts-interface-checker-0.1.13.tgz 1ms (cache hit)
836 http cache mz@https://registry.npmjs.org/mz/-/mz-2.7.0.tgz 0ms (cache hit)
837 http cache pirates@https://registry.npmjs.org/pirates/-/pirates-4.0.7.tgz 0ms (cache hit)
838 http cache lines-and-columns@https://registry.npmjs.org/lines-and-columns/-/lines-and-columns-1.2.4.tgz 0ms (cache hit)
839 http cache commander@https://registry.npmjs.org/commander/-/commander-4.1.1.tgz 0ms (cache hit)
840 http cache @jridgewell/gen-mapping@https://registry.npmjs.org/@jridgewell/gen-mapping/-/gen-mapping-0.3.13.tgz 0ms (cache hit)
841 http cache supports-preserve-symlinks-flag@https://registry.npmjs.org/supports-preserve-symlinks-flag/-/supports-preserve-symlinks-flag-1.0.0.tgz 0ms (cache hit)
842 http cache path-parse@https://registry.npmjs.org/path-parse/-/path-parse-1.0.7.tgz 0ms (cache hit)
843 http cache is-core-module@https://registry.npmjs.org/is-core-module/-/is-core-module-2.16.2.tgz 0ms (cache hit)
844 http cache queue-microtask@https://registry.npmjs.org/queue-microtask/-/queue-microtask-1.2.3.tgz 0ms (cache hit)
845 http cache pify@https://registry.npmjs.org/pify/-/pify-2.3.0.tgz 0ms (cache hit)
846 http cache util-deprecate@https://registry.npmjs.org/util-deprecate/-/util-deprecate-1.0.2.tgz 0ms (cache hit)
847 http cache cssesc@https://registry.npmjs.org/cssesc/-/cssesc-3.0.0.tgz 0ms (cache hit)
848 http cache camelcase-css@https://registry.npmjs.org/camelcase-css/-/camelcase-css-2.0.1.tgz 0ms (cache hit)
849 http cache is-extglob@https://registry.npmjs.org/is-extglob/-/is-extglob-2.1.1.tgz 0ms (cache hit)
850 http cache to-regex-range@https://registry.npmjs.org/to-regex-range/-/to-regex-range-5.0.1.tgz 0ms (cache hit)
851 http cache binary-extensions@https://registry.npmjs.org/binary-extensions/-/binary-extensions-2.3.0.tgz 0ms (cache hit)
852 http cache read-cache@https://registry.npmjs.org/read-cache/-/read-cache-1.0.0.tgz 0ms (cache hit)
853 http cache run-parallel@https://registry.npmjs.org/run-parallel/-/run-parallel-1.2.0.tgz 1ms (cache hit)
854 http cache fastq@https://registry.npmjs.org/fastq/-/fastq-1.20.1.tgz 0ms (cache hit)
855 http cache @nodelib/fs.scandir@https://registry.npmjs.org/@nodelib/fs.scandir/-/fs.scandir-2.1.5.tgz 0ms (cache hit)
856 http cache reusify@https://registry.npmjs.org/reusify/-/reusify-1.1.0.tgz 0ms (cache hit)
857 http cache merge2@https://registry.npmjs.org/merge2/-/merge2-1.4.1.tgz 0ms (cache hit)
858 http cache @nodelib/fs.walk@https://registry.npmjs.org/@nodelib/fs.walk/-/fs.walk-1.2.8.tgz 0ms (cache hit)
859 http cache picomatch@https://registry.npmjs.org/picomatch/-/picomatch-2.3.2.tgz 0ms (cache hit)
860 http cache readdirp@https://registry.npmjs.org/readdirp/-/readdirp-3.6.0.tgz 0ms (cache hit)
861 http cache is-binary-path@https://registry.npmjs.org/is-binary-path/-/is-binary-path-2.1.0.tgz 0ms (cache hit)
862 http cache braces@https://registry.npmjs.org/braces/-/braces-3.0.3.tgz 0ms (cache hit)
863 http cache @nodelib/fs.stat@https://registry.npmjs.org/@nodelib/fs.stat/-/fs.stat-2.0.5.tgz 0ms (cache hit)
864 http cache anymatch@https://registry.npmjs.org/anymatch/-/anymatch-3.1.3.tgz 1ms (cache hit)
865 http cache sucrase@https://registry.npmjs.org/sucrase/-/sucrase-3.35.1.tgz 0ms (cache hit)
866 http cache resolve@https://registry.npmjs.org/resolve/-/resolve-1.22.12.tgz 0ms (cache hit)
867 http cache postcss-selector-parser@https://registry.npmjs.org/postcss-selector-parser/-/postcss-selector-parser-6.1.4.tgz 1ms (cache hit)
868 http cache postcss-load-config@https://registry.npmjs.org/postcss-load-config/-/postcss-load-config-6.0.1.tgz 0ms (cache hit)
869 http cache postcss-nested@https://registry.npmjs.org/postcss-nested/-/postcss-nested-6.2.0.tgz 0ms (cache hit)
870 http cache postcss-js@https://registry.npmjs.org/postcss-js/-/postcss-js-4.1.0.tgz 0ms (cache hit)
871 http cache fill-range@https://registry.npmjs.org/fill-range/-/fill-range-7.1.1.tgz 0ms (cache hit)
872 http cache postcss-import@https://registry.npmjs.org/postcss-import/-/postcss-import-15.1.0.tgz 0ms (cache hit)
873 http cache normalize-path@https://registry.npmjs.org/normalize-path/-/normalize-path-3.0.0.tgz 0ms (cache hit)
874 http cache object-hash@https://registry.npmjs.org/object-hash/-/object-hash-3.0.0.tgz 0ms (cache hit)
875 http cache micromatch@https://registry.npmjs.org/micromatch/-/micromatch-4.0.8.tgz 1ms (cache hit)
876 http cache lilconfig@https://registry.npmjs.org/lilconfig/-/lilconfig-3.1.3.tgz 0ms (cache hit)
877 http cache jiti@https://registry.npmjs.org/jiti/-/jiti-1.21.7.tgz 0ms (cache hit)
878 http cache is-glob@https://registry.npmjs.org/is-glob/-/is-glob-4.0.3.tgz 0ms (cache hit)
879 http cache glob-parent@https://registry.npmjs.org/glob-parent/-/glob-parent-6.0.2.tgz 0ms (cache hit)
880 http cache fast-glob@https://registry.npmjs.org/fast-glob/-/fast-glob-3.3.3.tgz 0ms (cache hit)
881 http cache didyoumean@https://registry.npmjs.org/didyoumean/-/didyoumean-1.2.2.tgz 0ms (cache hit)
882 http cache dlv@https://registry.npmjs.org/dlv/-/dlv-1.1.3.tgz 0ms (cache hit)
883 http cache chokidar@https://registry.npmjs.org/chokidar/-/chokidar-3.6.0.tgz 0ms (cache hit)
884 http cache arg@https://registry.npmjs.org/arg/-/arg-5.0.2.tgz 1ms (cache hit)
885 http cache @alloc/quick-lru@https://registry.npmjs.org/@alloc/quick-lru/-/quick-lru-5.2.0.tgz 0ms (cache hit)
886 http cache client-only@https://registry.npmjs.org/client-only/-/client-only-0.0.1.tgz 0ms (cache hit)
887 http cache dunder-proto@https://registry.npmjs.org/dunder-proto/-/dunder-proto-1.0.1.tgz 1ms (cache hit)
888 http cache math-intrinsics@https://registry.npmjs.org/math-intrinsics/-/math-intrinsics-1.1.0.tgz 0ms (cache hit)
889 http cache hasown@https://registry.npmjs.org/hasown/-/hasown-2.0.4.tgz 0ms (cache hit)
890 http cache has-symbols@https://registry.npmjs.org/has-symbols/-/has-symbols-1.1.0.tgz 0ms (cache hit)
891 http cache gopd@https://registry.npmjs.org/gopd/-/gopd-1.2.0.tgz 0ms (cache hit)
892 http cache es-object-atoms@https://registry.npmjs.org/es-object-atoms/-/es-object-atoms-1.1.2.tgz 0ms (cache hit)
893 http cache get-proto@https://registry.npmjs.org/get-proto/-/get-proto-1.0.1.tgz 0ms (cache hit)
894 http cache function-bind@https://registry.npmjs.org/function-bind/-/function-bind-1.1.2.tgz 0ms (cache hit)
895 http cache call-bind-apply-helpers@https://registry.npmjs.org/call-bind-apply-helpers/-/call-bind-apply-helpers-1.0.2.tgz 0ms (cache hit)
896 http cache get-intrinsic@https://registry.npmjs.org/get-intrinsic/-/get-intrinsic-1.3.0.tgz 0ms (cache hit)
897 http cache call-bound@https://registry.npmjs.org/call-bound/-/call-bound-1.0.4.tgz 0ms (cache hit)
898 http cache side-channel-weakmap@https://registry.npmjs.org/side-channel-weakmap/-/side-channel-weakmap-1.0.2.tgz 0ms (cache hit)
899 http cache side-channel-list@https://registry.npmjs.org/side-channel-list/-/side-channel-list-1.0.1.tgz 0ms (cache hit)
900 http cache side-channel-map@https://registry.npmjs.org/side-channel-map/-/side-channel-map-1.0.1.tgz 0ms (cache hit)
901 http cache object-inspect@https://registry.npmjs.org/object-inspect/-/object-inspect-1.13.4.tgz 0ms (cache hit)
902 http cache es-errors@https://registry.npmjs.org/es-errors/-/es-errors-1.3.0.tgz 0ms (cache hit)
903 http cache side-channel@https://registry.npmjs.org/side-channel/-/side-channel-1.1.1.tgz 0ms (cache hit)
904 http cache es-define-property@https://registry.npmjs.org/es-define-property/-/es-define-property-1.0.1.tgz 0ms (cache hit)
905 http cache qs@https://registry.npmjs.org/qs/-/qs-6.15.3.tgz 0ms (cache hit)
906 http cache scheduler@https://registry.npmjs.org/scheduler/-/scheduler-0.23.2.tgz 0ms (cache hit)
907 http cache js-tokens@https://registry.npmjs.org/js-tokens/-/js-tokens-4.0.0.tgz 0ms (cache hit)
908 http cache loose-envify@https://registry.npmjs.org/loose-envify/-/loose-envify-1.4.0.tgz 0ms (cache hit)
909 http cache source-map-js@https://registry.npmjs.org/source-map-js/-/source-map-js-1.2.1.tgz 0ms (cache hit)
910 http cache nanoid@https://registry.npmjs.org/nanoid/-/nanoid-3.3.16.tgz 0ms (cache hit)
911 http cache streamsearch@https://registry.npmjs.org/streamsearch/-/streamsearch-1.1.0.tgz 0ms (cache hit)
912 http cache styled-jsx@https://registry.npmjs.org/styled-jsx/-/styled-jsx-5.1.1.tgz 0ms (cache hit)
913 http cache @swc/counter@https://registry.npmjs.org/@swc/counter/-/counter-0.1.3.tgz 0ms (cache hit)
914 http cache graceful-fs@https://registry.npmjs.org/graceful-fs/-/graceful-fs-4.2.11.tgz 0ms (cache hit)
915 http cache busboy@https://registry.npmjs.org/busboy/-/busboy-1.6.0.tgz 0ms (cache hit)
916 http cache @swc/helpers@https://registry.npmjs.org/@swc/helpers/-/helpers-0.5.5.tgz 0ms (cache hit)
917 http cache @next/env@https://registry.npmjs.org/@next/env/-/env-14.2.35.tgz 0ms (cache hit)
918 http cache update-browserslist-db@https://registry.npmjs.org/update-browserslist-db/-/update-browserslist-db-1.2.3.tgz 0ms (cache hit)
919 http cache node-releases@https://registry.npmjs.org/node-releases/-/node-releases-2.0.51.tgz 0ms (cache hit)
920 http cache electron-to-chromium@https://registry.npmjs.org/electron-to-chromium/-/electron-to-chromium-1.5.399.tgz 0ms (cache hit)
921 http cache baseline-browser-mapping@https://registry.npmjs.org/baseline-browser-mapping/-/baseline-browser-mapping-2.11.9.tgz 0ms (cache hit)
922 http cache postcss-value-parser@https://registry.npmjs.org/postcss-value-parser/-/postcss-value-parser-4.2.0.tgz 0ms (cache hit)
923 http cache picocolors@https://registry.npmjs.org/picocolors/-/picocolors-1.1.1.tgz 0ms (cache hit)
924 http cache fraction.js@https://registry.npmjs.org/fraction.js/-/fraction.js-5.3.4.tgz 0ms (cache hit)
925 http cache caniuse-lite@https://registry.npmjs.org/caniuse-lite/-/caniuse-lite-1.0.30001806.tgz 0ms (cache hit)
926 http cache browserslist@https://registry.npmjs.org/browserslist/-/browserslist-4.28.7.tgz 0ms (cache hit)
927 http cache csstype@https://registry.npmjs.org/csstype/-/csstype-3.2.3.tgz 0ms (cache hit)
928 http cache undici-types@https://registry.npmjs.org/undici-types/-/undici-types-6.21.0.tgz 0ms (cache hit)
929 http cache @types/prop-types@https://registry.npmjs.org/@types/prop-types/-/prop-types-15.7.15.tgz 0ms (cache hit)
930 http cache iceberg-js@https://registry.npmjs.org/iceberg-js/-/iceberg-js-0.8.1.tgz 0ms (cache hit)
931 http cache @supabase/phoenix@https://registry.npmjs.org/@supabase/phoenix/-/phoenix-0.4.5.tgz 1ms (cache hit)
932 http cache tslib@https://registry.npmjs.org/tslib/-/tslib-2.8.1.tgz 0ms (cache hit)
933 http cache @supabase/storage-js@https://registry.npmjs.org/@supabase/storage-js/-/storage-js-2.111.0.tgz 0ms (cache hit)
934 http cache @supabase/realtime-js@https://registry.npmjs.org/@supabase/realtime-js/-/realtime-js-2.111.0.tgz 0ms (cache hit)
935 http cache @supabase/postgrest-js@https://registry.npmjs.org/@supabase/postgrest-js/-/postgrest-js-2.111.0.tgz 0ms (cache hit)
936 http cache @supabase/functions-js@https://registry.npmjs.org/@supabase/functions-js/-/functions-js-2.111.0.tgz 0ms (cache hit)
937 http cache @supabase/auth-js@https://registry.npmjs.org/@supabase/auth-js/-/auth-js-2.111.0.tgz 0ms (cache hit)
938 http cache cookie@https://registry.npmjs.org/cookie/-/cookie-0.7.2.tgz 0ms (cache hit)
939 http cache @types/cookie@https://registry.npmjs.org/@types/cookie/-/cookie-0.6.0.tgz 0ms (cache hit)
940 http cache typescript@https://registry.npmjs.org/typescript/-/typescript-5.9.3.tgz 0ms (cache hit)
941 http cache tailwindcss@https://registry.npmjs.org/tailwindcss/-/tailwindcss-3.4.19.tgz 0ms (cache hit)
942 http cache stripe@https://registry.npmjs.org/stripe/-/stripe-16.12.0.tgz 0ms (cache hit)
943 http cache react-dom@https://registry.npmjs.org/react-dom/-/react-dom-18.3.1.tgz 0ms (cache hit)
944 http cache react@https://registry.npmjs.org/react/-/react-18.3.1.tgz 0ms (cache hit)
945 http cache next@https://registry.npmjs.org/next/-/next-14.2.35.tgz 0ms (cache hit)
946 http cache postcss@https://registry.npmjs.org/postcss/-/postcss-8.5.25.tgz 0ms (cache hit)
947 http cache autoprefixer@https://registry.npmjs.org/autoprefixer/-/autoprefixer-10.5.4.tgz 1ms (cache hit)
948 http cache @types/react-dom@https://registry.npmjs.org/@types/react-dom/-/react-dom-18.3.7.tgz 0ms (cache hit)
949 http cache @types/react@https://registry.npmjs.org/@types/react/-/react-18.3.31.tgz 0ms (cache hit)
950 http cache @types/node@https://registry.npmjs.org/@types/node/-/node-20.19.43.tgz 0ms (cache hit)
951 http cache @supabase/supabase-js@https://registry.npmjs.org/@supabase/supabase-js/-/supabase-js-2.111.0.tgz 0ms (cache hit)
952 http cache @supabase/ssr@https://registry.npmjs.org/@supabase/ssr/-/ssr-0.5.2.tgz 0ms (cache hit)
953 http cache picomatch@https://registry.npmjs.org/picomatch/-/picomatch-4.0.5.tgz 0ms (cache hit)
954 http cache fdir@https://registry.npmjs.org/fdir/-/fdir-6.5.0.tgz 0ms (cache hit)
955 http cache glob-parent@https://registry.npmjs.org/glob-parent/-/glob-parent-5.1.2.tgz 0ms (cache hit)
956 http cache glob-parent@https://registry.npmjs.org/glob-parent/-/glob-parent-5.1.2.tgz 0ms (cache hit)
957 http cache postcss@https://registry.npmjs.org/postcss/-/postcss-8.4.31.tgz 0ms (cache hit)
958 silly tarball no local data for is-number@https://registry.npmjs.org/is-number/-/is-number-7.0.0.tgz. Extracting by manifest.
959 silly tarball no local data for escalade@https://registry.npmjs.org/escalade/-/escalade-3.2.0.tgz. Extracting by manifest.
960 silly tarball no local data for thenify@https://registry.npmjs.org/thenify/-/thenify-3.3.1.tgz. Extracting by manifest.
961 silly tarball no local data for thenify-all@https://registry.npmjs.org/thenify-all/-/thenify-all-1.6.0.tgz. Extracting by manifest.
962 silly tarball no local data for object-assign@https://registry.npmjs.org/object-assign/-/object-assign-4.1.1.tgz. Extracting by manifest.
963 silly tarball no local data for any-promise@https://registry.npmjs.org/any-promise/-/any-promise-1.3.0.tgz. Extracting by manifest.
964 silly tarball no local data for @jridgewell/resolve-uri@https://registry.npmjs.org/@jridgewell/resolve-uri/-/resolve-uri-3.1.2.tgz. Extracting by manifest.
965 silly tarball no local data for @jridgewell/trace-mapping@https://registry.npmjs.org/@jridgewell/trace-mapping/-/trace-mapping-0.3.31.tgz. Extracting by manifest.
966 silly tarball no local data for @jridgewell/sourcemap-codec@https://registry.npmjs.org/@jridgewell/sourcemap-codec/-/sourcemap-codec-1.5.5.tgz. Extracting by manifest.
967 silly tarball no local data for tinyglobby@https://registry.npmjs.org/tinyglobby/-/tinyglobby-0.2.17.tgz. Extracting by manifest.
968 silly tarball no local data for ts-interface-checker@https://registry.npmjs.org/ts-interface-checker/-/ts-interface-checker-0.1.13.tgz. Extracting by manifest.
969 silly tarball no local data for mz@https://registry.npmjs.org/mz/-/mz-2.7.0.tgz. Extracting by manifest.
970 silly tarball no local data for pirates@https://registry.npmjs.org/pirates/-/pirates-4.0.7.tgz. Extracting by manifest.
971 silly tarball no local data for lines-and-columns@https://registry.npmjs.org/lines-and-columns/-/lines-and-columns-1.2.4.tgz. Extracting by manifest.
972 silly tarball no local data for commander@https://registry.npmjs.org/commander/-/commander-4.1.1.tgz. Extracting by manifest.
973 silly tarball no local data for @jridgewell/gen-mapping@https://registry.npmjs.org/@jridgewell/gen-mapping/-/gen-mapping-0.3.13.tgz. Extracting by manifest.
974 silly tarball no local data for supports-preserve-symlinks-flag@https://registry.npmjs.org/supports-preserve-symlinks-flag/-/supports-preserve-symlinks-flag-1.0.0.tgz. Extracting by manifest.
975 silly tarball no local data for path-parse@https://registry.npmjs.org/path-parse/-/path-parse-1.0.7.tgz. Extracting by manifest.
976 silly tarball no local data for is-core-module@https://registry.npmjs.org/is-core-module/-/is-core-module-2.16.2.tgz. Extracting by manifest.
977 silly tarball no local data for queue-microtask@https://registry.npmjs.org/queue-microtask/-/queue-microtask-1.2.3.tgz. Extracting by manifest.
978 silly tarball no local data for pify@https://registry.npmjs.org/pify/-/pify-2.3.0.tgz. Extracting by manifest.
979 silly tarball no local data for util-deprecate@https://registry.npmjs.org/util-deprecate/-/util-deprecate-1.0.2.tgz. Extracting by manifest.
980 silly tarball no local data for cssesc@https://registry.npmjs.org/cssesc/-/cssesc-3.0.0.tgz. Extracting by manifest.
981 silly tarball no local data for camelcase-css@https://registry.npmjs.org/camelcase-css/-/camelcase-css-2.0.1.tgz. Extracting by manifest.
982 silly tarball no local data for is-extglob@https://registry.npmjs.org/is-extglob/-/is-extglob-2.1.1.tgz. Extracting by manifest.
983 silly tarball no local data for to-regex-range@https://registry.npmjs.org/to-regex-range/-/to-regex-range-5.0.1.tgz. Extracting by manifest.
984 silly tarball no local data for read-cache@https://registry.npmjs.org/read-cache/-/read-cache-1.0.0.tgz. Extracting by manifest.
985 silly tarball no local data for binary-extensions@https://registry.npmjs.org/binary-extensions/-/binary-extensions-2.3.0.tgz. Extracting by manifest.
986 silly tarball no local data for run-parallel@https://registry.npmjs.org/run-parallel/-/run-parallel-1.2.0.tgz. Extracting by manifest.
987 silly tarball no local data for fastq@https://registry.npmjs.org/fastq/-/fastq-1.20.1.tgz. Extracting by manifest.
988 silly tarball no local data for @nodelib/fs.scandir@https://registry.npmjs.org/@nodelib/fs.scandir/-/fs.scandir-2.1.5.tgz. Extracting by manifest.
989 silly tarball no local data for reusify@https://registry.npmjs.org/reusify/-/reusify-1.1.0.tgz. Extracting by manifest.
990 silly tarball no local data for merge2@https://registry.npmjs.org/merge2/-/merge2-1.4.1.tgz. Extracting by manifest.
991 silly tarball no local data for @nodelib/fs.walk@https://registry.npmjs.org/@nodelib/fs.walk/-/fs.walk-1.2.8.tgz. Extracting by manifest.
992 silly tarball no local data for picomatch@https://registry.npmjs.org/picomatch/-/picomatch-2.3.2.tgz. Extracting by manifest.
993 silly tarball no local data for readdirp@https://registry.npmjs.org/readdirp/-/readdirp-3.6.0.tgz. Extracting by manifest.
994 silly tarball no local data for is-binary-path@https://registry.npmjs.org/is-binary-path/-/is-binary-path-2.1.0.tgz. Extracting by manifest.
995 silly tarball no local data for braces@https://registry.npmjs.org/braces/-/braces-3.0.3.tgz. Extracting by manifest.
996 silly tarball no local data for @nodelib/fs.stat@https://registry.npmjs.org/@nodelib/fs.stat/-/fs.stat-2.0.5.tgz. Extracting by manifest.
997 silly tarball no local data for anymatch@https://registry.npmjs.org/anymatch/-/anymatch-3.1.3.tgz. Extracting by manifest.
998 silly tarball no local data for sucrase@https://registry.npmjs.org/sucrase/-/sucrase-3.35.1.tgz. Extracting by manifest.
999 silly tarball no local data for resolve@https://registry.npmjs.org/resolve/-/resolve-1.22.12.tgz. Extracting by manifest.
1000 silly tarball no local data for postcss-selector-parser@https://registry.npmjs.org/postcss-selector-parser/-/postcss-selector-parser-6.1.4.tgz. Extracting by manifest.
1001 silly tarball no local data for postcss-load-config@https://registry.npmjs.org/postcss-load-config/-/postcss-load-config-6.0.1.tgz. Extracting by manifest.
1002 silly tarball no local data for postcss-nested@https://registry.npmjs.org/postcss-nested/-/postcss-nested-6.2.0.tgz. Extracting by manifest.
1003 silly tarball no local data for postcss-js@https://registry.npmjs.org/postcss-js/-/postcss-js-4.1.0.tgz. Extracting by manifest.
1004 silly tarball no local data for fill-range@https://registry.npmjs.org/fill-range/-/fill-range-7.1.1.tgz. Extracting by manifest.
1005 silly tarball no local data for postcss-import@https://registry.npmjs.org/postcss-import/-/postcss-import-15.1.0.tgz. Extracting by manifest.
1006 silly tarball no local data for normalize-path@https://registry.npmjs.org/normalize-path/-/normalize-path-3.0.0.tgz. Extracting by manifest.
1007 silly tarball no local data for object-hash@https://registry.npmjs.org/object-hash/-/object-hash-3.0.0.tgz. Extracting by manifest.
1008 silly tarball no local data for micromatch@https://registry.npmjs.org/micromatch/-/micromatch-4.0.8.tgz. Extracting by manifest.
1009 silly tarball no local data for lilconfig@https://registry.npmjs.org/lilconfig/-/lilconfig-3.1.3.tgz. Extracting by manifest.
1010 silly tarball no local data for jiti@https://registry.npmjs.org/jiti/-/jiti-1.21.7.tgz. Extracting by manifest.
1011 silly tarball no local data for is-glob@https://registry.npmjs.org/is-glob/-/is-glob-4.0.3.tgz. Extracting by manifest.
1012 silly tarball no local data for glob-parent@https://registry.npmjs.org/glob-parent/-/glob-parent-6.0.2.tgz. Extracting by manifest.
1013 silly tarball no local data for fast-glob@https://registry.npmjs.org/fast-glob/-/fast-glob-3.3.3.tgz. Extracting by manifest.
1014 silly tarball no local data for didyoumean@https://registry.npmjs.org/didyoumean/-/didyoumean-1.2.2.tgz. Extracting by manifest.
1015 silly tarball no local data for dlv@https://registry.npmjs.org/dlv/-/dlv-1.1.3.tgz. Extracting by manifest.
1016 silly tarball no local data for chokidar@https://registry.npmjs.org/chokidar/-/chokidar-3.6.0.tgz. Extracting by manifest.
1017 silly tarball no local data for arg@https://registry.npmjs.org/arg/-/arg-5.0.2.tgz. Extracting by manifest.
1018 silly tarball no local data for @alloc/quick-lru@https://registry.npmjs.org/@alloc/quick-lru/-/quick-lru-5.2.0.tgz. Extracting by manifest.
1019 silly tarball no local data for client-only@https://registry.npmjs.org/client-only/-/client-only-0.0.1.tgz. Extracting by manifest.
1020 silly tarball no local data for dunder-proto@https://registry.npmjs.org/dunder-proto/-/dunder-proto-1.0.1.tgz. Extracting by manifest.
1021 silly tarball no local data for math-intrinsics@https://registry.npmjs.org/math-intrinsics/-/math-intrinsics-1.1.0.tgz. Extracting by manifest.
1022 silly tarball no local data for hasown@https://registry.npmjs.org/hasown/-/hasown-2.0.4.tgz. Extracting by manifest.
1023 silly tarball no local data for has-symbols@https://registry.npmjs.org/has-symbols/-/has-symbols-1.1.0.tgz. Extracting by manifest.
1024 silly tarball no local data for gopd@https://registry.npmjs.org/gopd/-/gopd-1.2.0.tgz. Extracting by manifest.
1025 silly tarball no local data for es-object-atoms@https://registry.npmjs.org/es-object-atoms/-/es-object-atoms-1.1.2.tgz. Extracting by manifest.
1026 silly tarball no local data for get-proto@https://registry.npmjs.org/get-proto/-/get-proto-1.0.1.tgz. Extracting by manifest.
1027 silly tarball no local data for function-bind@https://registry.npmjs.org/function-bind/-/function-bind-1.1.2.tgz. Extracting by manifest.
1028 silly tarball no local data for call-bind-apply-helpers@https://registry.npmjs.org/call-bind-apply-helpers/-/call-bind-apply-helpers-1.0.2.tgz. Extracting by manifest.
1029 silly tarball no local data for get-intrinsic@https://registry.npmjs.org/get-intrinsic/-/get-intrinsic-1.3.0.tgz. Extracting by manifest.
1030 silly tarball no local data for call-bound@https://registry.npmjs.org/call-bound/-/call-bound-1.0.4.tgz. Extracting by manifest.
1031 silly tarball no local data for side-channel-weakmap@https://registry.npmjs.org/side-channel-weakmap/-/side-channel-weakmap-1.0.2.tgz. Extracting by manifest.
1032 silly tarball no local data for side-channel-list@https://registry.npmjs.org/side-channel-list/-/side-channel-list-1.0.1.tgz. Extracting by manifest.
1033 silly tarball no local data for side-channel-map@https://registry.npmjs.org/side-channel-map/-/side-channel-map-1.0.1.tgz. Extracting by manifest.
1034 silly tarball no local data for object-inspect@https://registry.npmjs.org/object-inspect/-/object-inspect-1.13.4.tgz. Extracting by manifest.
1035 silly tarball no local data for es-errors@https://registry.npmjs.org/es-errors/-/es-errors-1.3.0.tgz. Extracting by manifest.
1036 silly tarball no local data for side-channel@https://registry.npmjs.org/side-channel/-/side-channel-1.1.1.tgz. Extracting by manifest.
1037 silly tarball no local data for es-define-property@https://registry.npmjs.org/es-define-property/-/es-define-property-1.0.1.tgz. Extracting by manifest.
1038 silly tarball no local data for qs@https://registry.npmjs.org/qs/-/qs-6.15.3.tgz. Extracting by manifest.
1039 silly tarball no local data for scheduler@https://registry.npmjs.org/scheduler/-/scheduler-0.23.2.tgz. Extracting by manifest.
1040 silly tarball no local data for js-tokens@https://registry.npmjs.org/js-tokens/-/js-tokens-4.0.0.tgz. Extracting by manifest.
1041 silly tarball no local data for loose-envify@https://registry.npmjs.org/loose-envify/-/loose-envify-1.4.0.tgz. Extracting by manifest.
1042 silly tarball no local data for source-map-js@https://registry.npmjs.org/source-map-js/-/source-map-js-1.2.1.tgz. Extracting by manifest.
1043 silly tarball no local data for nanoid@https://registry.npmjs.org/nanoid/-/nanoid-3.3.16.tgz. Extracting by manifest.
1044 silly tarball no local data for styled-jsx@https://registry.npmjs.org/styled-jsx/-/styled-jsx-5.1.1.tgz. Extracting by manifest.
1045 silly tarball no local data for streamsearch@https://registry.npmjs.org/streamsearch/-/streamsearch-1.1.0.tgz. Extracting by manifest.
1046 silly tarball no local data for @swc/counter@https://registry.npmjs.org/@swc/counter/-/counter-0.1.3.tgz. Extracting by manifest.
1047 silly tarball no local data for graceful-fs@https://registry.npmjs.org/graceful-fs/-/graceful-fs-4.2.11.tgz. Extracting by manifest.
1048 silly tarball no local data for busboy@https://registry.npmjs.org/busboy/-/busboy-1.6.0.tgz. Extracting by manifest.
1049 silly tarball no local data for @swc/helpers@https://registry.npmjs.org/@swc/helpers/-/helpers-0.5.5.tgz. Extracting by manifest.
1050 silly tarball no local data for @next/env@https://registry.npmjs.org/@next/env/-/env-14.2.35.tgz. Extracting by manifest.
1051 silly tarball no local data for update-browserslist-db@https://registry.npmjs.org/update-browserslist-db/-/update-browserslist-db-1.2.3.tgz. Extracting by manifest.
1052 silly tarball no local data for node-releases@https://registry.npmjs.org/node-releases/-/node-releases-2.0.51.tgz. Extracting by manifest.
1053 silly tarball no local data for electron-to-chromium@https://registry.npmjs.org/electron-to-chromium/-/electron-to-chromium-1.5.399.tgz. Extracting by manifest.
1054 silly tarball no local data for baseline-browser-mapping@https://registry.npmjs.org/baseline-browser-mapping/-/baseline-browser-mapping-2.11.9.tgz. Extracting by manifest.
1055 silly tarball no local data for postcss-value-parser@https://registry.npmjs.org/postcss-value-parser/-/postcss-value-parser-4.2.0.tgz. Extracting by manifest.
1056 silly tarball no local data for picocolors@https://registry.npmjs.org/picocolors/-/picocolors-1.1.1.tgz. Extracting by manifest.
1057 silly tarball no local data for fraction.js@https://registry.npmjs.org/fraction.js/-/fraction.js-5.3.4.tgz. Extracting by manifest.
1058 silly tarball no local data for caniuse-lite@https://registry.npmjs.org/caniuse-lite/-/caniuse-lite-1.0.30001806.tgz. Extracting by manifest.
1059 silly tarball no local data for browserslist@https://registry.npmjs.org/browserslist/-/browserslist-4.28.7.tgz. Extracting by manifest.
1060 silly tarball no local data for csstype@https://registry.npmjs.org/csstype/-/csstype-3.2.3.tgz. Extracting by manifest.
1061 silly tarball no local data for undici-types@https://registry.npmjs.org/undici-types/-/undici-types-6.21.0.tgz. Extracting by manifest.
1062 silly tarball no local data for @types/prop-types@https://registry.npmjs.org/@types/prop-types/-/prop-types-15.7.15.tgz. Extracting by manifest.
1063 silly tarball no local data for iceberg-js@https://registry.npmjs.org/iceberg-js/-/iceberg-js-0.8.1.tgz. Extracting by manifest.
1064 silly tarball no local data for @supabase/phoenix@https://registry.npmjs.org/@supabase/phoenix/-/phoenix-0.4.5.tgz. Extracting by manifest.
1065 silly tarball no local data for tslib@https://registry.npmjs.org/tslib/-/tslib-2.8.1.tgz. Extracting by manifest.
1066 silly tarball no local data for @supabase/storage-js@https://registry.npmjs.org/@supabase/storage-js/-/storage-js-2.111.0.tgz. Extracting by manifest.
1067 silly tarball no local data for @supabase/realtime-js@https://registry.npmjs.org/@supabase/realtime-js/-/realtime-js-2.111.0.tgz. Extracting by manifest.
1068 silly tarball no local data for @supabase/postgrest-js@https://registry.npmjs.org/@supabase/postgrest-js/-/postgrest-js-2.111.0.tgz. Extracting by manifest.
1069 silly tarball no local data for @supabase/functions-js@https://registry.npmjs.org/@supabase/functions-js/-/functions-js-2.111.0.tgz. Extracting by manifest.
1070 silly tarball no local data for @supabase/auth-js@https://registry.npmjs.org/@supabase/auth-js/-/auth-js-2.111.0.tgz. Extracting by manifest.
1071 silly tarball no local data for cookie@https://registry.npmjs.org/cookie/-/cookie-0.7.2.tgz. Extracting by manifest.
1072 silly tarball no local data for @types/cookie@https://registry.npmjs.org/@types/cookie/-/cookie-0.6.0.tgz. Extracting by manifest.
1073 silly tarball no local data for typescript@https://registry.npmjs.org/typescript/-/typescript-5.9.3.tgz. Extracting by manifest.
1074 silly tarball no local data for tailwindcss@https://registry.npmjs.org/tailwindcss/-/tailwindcss-3.4.19.tgz. Extracting by manifest.
1075 silly tarball no local data for stripe@https://registry.npmjs.org/stripe/-/stripe-16.12.0.tgz. Extracting by manifest.
1076 silly tarball no local data for react-dom@https://registry.npmjs.org/react-dom/-/react-dom-18.3.1.tgz. Extracting by manifest.
1077 silly tarball no local data for react@https://registry.npmjs.org/react/-/react-18.3.1.tgz. Extracting by manifest.
1078 silly tarball no local data for next@https://registry.npmjs.org/next/-/next-14.2.35.tgz. Extracting by manifest.
1079 silly tarball no local data for postcss@https://registry.npmjs.org/postcss/-/postcss-8.5.25.tgz. Extracting by manifest.
1080 silly tarball no local data for autoprefixer@https://registry.npmjs.org/autoprefixer/-/autoprefixer-10.5.4.tgz. Extracting by manifest.
1081 silly tarball no local data for @types/react-dom@https://registry.npmjs.org/@types/react-dom/-/react-dom-18.3.7.tgz. Extracting by manifest.
1082 silly tarball no local data for @types/react@https://registry.npmjs.org/@types/react/-/react-18.3.31.tgz. Extracting by manifest.
1083 silly tarball no local data for @types/node@https://registry.npmjs.org/@types/node/-/node-20.19.43.tgz. Extracting by manifest.
1084 silly tarball no local data for @supabase/supabase-js@https://registry.npmjs.org/@supabase/supabase-js/-/supabase-js-2.111.0.tgz. Extracting by manifest.
1085 silly tarball no local data for @supabase/ssr@https://registry.npmjs.org/@supabase/ssr/-/ssr-0.5.2.tgz. Extracting by manifest.
1086 silly tarball no local data for picomatch@https://registry.npmjs.org/picomatch/-/picomatch-4.0.5.tgz. Extracting by manifest.
1087 silly tarball no local data for fdir@https://registry.npmjs.org/fdir/-/fdir-6.5.0.tgz. Extracting by manifest.
1088 silly tarball no local data for glob-parent@https://registry.npmjs.org/glob-parent/-/glob-parent-5.1.2.tgz. Extracting by manifest.
1089 silly tarball no local data for glob-parent@https://registry.npmjs.org/glob-parent/-/glob-parent-5.1.2.tgz. Extracting by manifest.
1090 silly tarball no local data for postcss@https://registry.npmjs.org/postcss/-/postcss-8.4.31.tgz. Extracting by manifest.
1091 http fetch POST 200 https://registry.npmjs.org/-/npm/v1/security/advisories/bulk 1844ms
1092 silly audit report {
1092 silly audit report   postcss: [
1092 silly audit report     {
1092 silly audit report       id: 1117015,
1092 silly audit report       url: 'https://github.com/advisories/GHSA-qx2v-qp2m-jg93',
1092 silly audit report       title: 'PostCSS has XSS via Unescaped </style> in its CSS Stringify Output',
1092 silly audit report       severity: 'moderate',
1092 silly audit report       vulnerable_versions: '<8.5.10',
1092 silly audit report       cwe: [Array],
1092 silly audit report       cvss: [Object]
1092 silly audit report     },
1092 silly audit report     {
1092 silly audit report       id: 1124252,
1092 silly audit report       url: 'https://github.com/advisories/GHSA-6g55-p6wh-862q',
1092 silly audit report       title: 'PostCSS: Arbitrary file read and information disclosure via attacker-controlled sourceMappingURL in CSS comments',
1092 silly audit report       severity: 'high',
1092 silly audit report       vulnerable_versions: '<=8.5.11',
1092 silly audit report       cwe: [Array],
1092 silly audit report       cvss: [Object]
1092 silly audit report     },
1092 silly audit report     {
1092 silly audit report       id: 1124288,
1092 silly audit report       url: 'https://github.com/advisories/GHSA-r28c-9q8g-f849',
1092 silly audit report       title: 'PostCSS: Path Traversal in Previous Source Map Auto-Loading (sourceMappingURL) leads to Arbitrary .map File Disclosure',
1092 silly audit report       severity: 'high',
1092 silly audit report       vulnerable_versions: '<=8.5.17',
1092 silly audit report       cwe: [Array],
1092 silly audit report       cvss: [Object]
1092 silly audit report     }
1092 silly audit report   ],
1092 silly audit report   next: [
1092 silly audit report     {
1092 silly audit report       id: 1117931,
1092 silly audit report       url: 'https://github.com/advisories/GHSA-8h8q-6873-q5fj',
1092 silly audit report       title: 'Next.js Vulnerable to Denial of Service with Server Components',
1092 silly audit report       severity: 'high',
1092 silly audit report       vulnerable_versions: '>=13.0.0 <15.5.16',
1092 silly audit report       cwe: [Array],
1092 silly audit report       cvss: [Object]
1092 silly audit report     },
1092 silly audit report     {
1092 silly audit report       id: 1118942,
1092 silly audit report       url: 'https://github.com/advisories/GHSA-3g8h-86w9-wvmq',
1092 silly audit report       title: "Next.js's Middleware / Proxy redirects can be cache-poisoned",
1092 silly audit report       severity: 'low',
1092 silly audit report       vulnerable_versions: '>=12.2.0 <15.5.16',
1092 silly audit report       cwe: [Array],
1092 silly audit report       cvss: [Object]
1092 silly audit report     },
1092 silly audit report     {
1092 silly audit report       id: 1118944,
1092 silly audit report       url: 'https://github.com/advisories/GHSA-ffhc-5mcf-pf4q',
1092 silly audit report       title: 'Next.js vulnerable to cross-site scripting in App Router applications using CSP nonces',
1092 silly audit report       severity: 'moderate',
1092 silly audit report       vulnerable_versions: '>=13.4.0 <15.5.16',
1092 silly audit report       cwe: [Array],
1092 silly audit report       cvss: [Object]
1092 silly audit report     },
1092 silly audit report     {
1092 silly audit report       id: 1118946,
1092 silly audit report       url: 'https://github.com/advisories/GHSA-vfv6-92ff-j949',
1092 silly audit report       title: 'Next.js vulnerable to cache poisoning via collisions in React Server Component cache-busting',
1092 silly audit report       severity: 'low',
1092 silly audit report       vulnerable_versions: '>=13.4.6 <15.5.16',
1092 silly audit report       cwe: [Array],
1092 silly audit report       cvss: [Object]
1092 silly audit report     },
1092 silly audit report     {
1092 silly audit report       id: 1118948,
1092 silly audit report       url: 'https://github.com/advisories/GHSA-gx5p-jg67-6x7h',
1092 silly audit report       title: 'Next.js has cross-site scripting in beforeInteractive scripts with untrusted input',
1092 silly audit report       severity: 'moderate',
1092 silly audit report       vulnerable_versions: '>=13.0.0 <15.5.16',
1092 silly audit report       cwe: [Array],
1092 silly audit report       cvss: [Object]
1092 silly audit report     },
1092 silly audit report     {
1092 silly audit report       id: 1118952,
1092 silly audit report       url: 'https://github.com/advisories/GHSA-h64f-5h5j-jqjh',
1092 silly audit report       title: 'Next.js has a Denial of Service in the Image Optimization API',
1092 silly audit report       severity: 'moderate',
1092 silly audit report       vulnerable_versions: '>=10.0.0 <15.5.16',
1092 silly audit report       cwe: [Array],
1092 silly audit report       cvss: [Object]
1092 silly audit report     },
1092 silly audit report     {
1092 silly audit report       id: 1118954,
1092 silly audit report       url: 'https://github.com/advisories/GHSA-c4j6-fc7j-m34r',
1092 silly audit report       title: 'Next.js vulnerable to server-side request forgery in applications using WebSocket upgrades',
1092 silly audit report       severity: 'high',
1092 silly audit report       vulnerable_versions: '>=13.4.13 <15.5.16',
1092 silly audit report       cwe: [Array],
1092 silly audit report       cvss: [Object]
1092 silly audit report     },
1092 silly audit report     {
1092 silly audit report       id: 1118958,
1092 silly audit report       url: 'https://github.com/advisories/GHSA-wfc6-r584-vfw7',
1092 silly audit report       title: 'Next.js vulnerable to cache poisoning in React Server Component responses',
1092 silly audit report       severity: 'moderate',
1092 silly audit report       vulnerable_versions: '>=14.2.0 <15.5.16',
1092 silly audit report       cwe: [Array],
1092 silly audit report       cvss: [Object]
1092 silly audit report     },
1092 silly audit report     {
1092 silly audit report       id: 1118962,
1092 silly audit report       url: 'https://github.com/advisories/GHSA-36qx-fr4f-26g5',
1092 silly audit report       title: 'Next.js has a Middleware / Proxy bypass in Pages Router applications using i18n',
1092 silly audit report       severity: 'high',
1092 silly audit report       vulnerable_versions: '>=12.2.0 <15.5.16',
1092 silly audit report       cwe: [Array],
1092 silly audit report       cvss: [Object]
1092 silly audit report     },
1092 silly audit report     {
1092 silly audit report       id: 1112593,
1092 silly audit report       url: 'https://github.com/advisories/GHSA-9g9p-9gw9-jx7f',
1092 silly audit report       title: 'Next.js self-hosted applications vulnerable to DoS via Image Optimizer remotePatterns configuration',
1092 silly audit report       severity: 'moderate',
1092 silly audit report       vulnerable_versions: '>=10.0.0 <15.5.10',
1092 silly audit report       cwe: [Array],
1092 silly audit report       cvss: [Object]
1092 silly audit report     },
1092 silly audit report     {
1092 silly audit report       id: 1112653,
1092 silly audit report       url: 'https://github.com/advisories/GHSA-h25m-26qc-wcjf',
1092 silly audit report       title: 'Next.js HTTP request deserialization can lead to DoS when using insecure React Server Components',
1092 silly audit report       severity: 'high',
1092 silly audit report       vulnerable_versions: '>=13.0.0 <15.0.8',
1092 silly audit report       cwe: [Array],
1092 silly audit report       cvss: [Object]
1092 silly audit report     },
1092 silly audit report     {
1092 silly audit report       id: 1114897,
1092 silly audit report       url: 'https://github.com/advisories/GHSA-ggv3-7p47-pfv8',
1092 silly audit report       title: 'Next.js: HTTP request smuggling in rewrites',
1092 silly audit report       severity: 'moderate',
1092 silly audit report       vulnerable_versions: '>=9.5.0 <15.5.13',
1092 silly audit report       cwe: [Array],
1092 silly audit report       cvss: [Object]
1092 silly audit report     },
1092 silly audit report     {
1092 silly audit report       id: 1114940,
1092 silly audit report       url: 'https://github.com/advisories/GHSA-3x4c-7xq6-9pq8',
1092 silly audit report       title: 'Next.js: Unbounded next/image disk cache growth can exhaust storage',
1092 silly audit report       severity: 'moderate',
1092 silly audit report       vulnerable_versions: '>=10.0.0 <15.5.14',
1092 silly audit report       cwe: [Array],
1092 silly audit report       cvss: [Object]
1092 silly audit report     },
1092 silly audit report     {
1092 silly audit report       id: 1116376,
1092 silly audit report       url: 'https://github.com/advisories/GHSA-q4gf-8mx6-v5v3',
1092 silly audit report       title: 'Next.js has a Denial of Service with Server Components',
1092 silly audit report       severity: 'high',
1092 silly audit report       vulnerable_versions: '>=13.0.0 <15.5.15',
1092 silly audit report       cwe: [Array],
1092 silly audit report       cvss: [Object]
1092 silly audit report     },
1092 silly audit report     {
1092 silly audit report       id: 1124185,
1092 silly audit report       url: 'https://github.com/advisories/GHSA-89xv-2m56-2m9x',
1092 silly audit report       title: 'Next.js: Server-Side Request Forgery in Server Actions on custom servers',
1092 silly audit report       severity: 'high',
1092 silly audit report       vulnerable_versions: '>=14.1.1 <15.5.21',
1092 silly audit report       cwe: [Array],
1092 silly audit report       cvss: [Object]
1092 silly audit report     },
1092 silly audit report     {
1092 silly audit report       id: 1124172,
1092 silly audit report       url: 'https://github.com/advisories/GHSA-m99w-x7hq-7vfj',
1092 silly audit report       title: 'Next.js: Denial of Service in App Router using Server Actions',
1092 silly audit report       severity: 'high',
1092 silly audit report       vulnerable_versions: '>=13.0.0 <15.5.21',
1092 silly audit report       cwe: [Array],
1092 silly audit report       cvss: [Object]
1092 silly audit report     },
1092 silly audit report     {
1092 silly audit report       id: 1124187,
1092 silly audit report       url: 'https://github.com/advisories/GHSA-68g3-v927-f742',
1092 silly audit report       title: 'Next.js: Cache confusion of response bodies for requests with bodies',
1092 silly audit report       severity: 'moderate',
1092 silly audit report       vulnerable_versions: '>=13.0.0 <15.5.21',
1092 silly audit report       cwe: [Array],
1092 silly audit report       cvss: [Object]
1092 silly audit report     },
1092 silly audit report     {
1092 silly audit report       id: 1124189,
1092 silly audit report       url: 'https://github.com/advisories/GHSA-4633-3j49-mh5q',
1092 silly audit report       title: 'Next.js: Cache confusion of response bodies for requests with bodies containing invalid UTF-8 byte sequences',
1092 silly audit report       severity: 'moderate',
1092 silly audit report       vulnerable_versions: '>=13.0.0 <15.5.21',
1092 silly audit report       cwe: [Array],
1092 silly audit report       cvss: [Object]
1092 silly audit report     },
1092 silly audit report     {
1092 silly audit report       id: 1124191,
1092 silly audit report       url: 'https://github.com/advisories/GHSA-4c39-4ccg-62r3',
1092 silly audit report       title: 'Next.js: Unbounded Server Action payload in Edge runtime',
1092 silly audit report       severity: 'moderate',
1092 silly audit report       vulnerable_versions: '>=13.0.0 <15.5.21',
1092 silly audit report       cwe: [Array],
1092 silly audit report       cvss: [Object]
1092 silly audit report     },
1092 silly audit report     {
1092 silly audit report       id: 1124193,
1092 silly audit report       url: 'https://github.com/advisories/GHSA-p9j2-gv94-2wf4',
1092 silly audit report       title: 'Next.js: Server-Side Request Forgery in rewrites via attacker-controlled destination hostname',
1092 silly audit report       severity: 'high',
1092 silly audit report       vulnerable_versions: '>=12.0.0 <15.5.21',
1092 silly audit report       cwe: [Array],
1092 silly audit report       cvss: [Object]
1092 silly audit report     },
1092 silly audit report     {
1092 silly audit report       id: 1124197,
1092 silly audit report       url: 'https://github.com/advisories/GHSA-955p-x3mx-jcvp',
1092 silly audit report       title: 'Next.js: Unauthenticated disclosure of internal Server Function endpoints',
1092 silly audit report       severity: 'moderate',
1092 silly audit report       vulnerable_versions: '>=13.0.0 <15.5.21',
1092 silly audit report       cwe: [Array],
1092 silly audit report       cvss: [Object]
1092 silly audit report     }
1092 silly audit report   ]
1092 silly audit report }
1093 silly packumentCache corgi:https://registry.npmjs.org/postcss cache-miss
1094 silly packumentCache corgi:https://registry.npmjs.org/next cache-miss
1095 http fetch GET 200 https://registry.npmjs.org/supports-preserve-symlinks-flag/-/supports-preserve-symlinks-flag-1.0.0.tgz 1527ms (cache miss)
1096 http fetch GET 200 https://registry.npmjs.org/escalade/-/escalade-3.2.0.tgz 1604ms (cache miss)
1097 http fetch GET 200 https://registry.npmjs.org/thenify/-/thenify-3.3.1.tgz 1603ms (cache miss)
1098 http fetch GET 200 https://registry.npmjs.org/any-promise/-/any-promise-1.3.0.tgz 1595ms (cache miss)
1099 http fetch GET 200 https://registry.npmjs.org/thenify-all/-/thenify-all-1.6.0.tgz 1605ms (cache miss)
1100 http fetch GET 200 https://registry.npmjs.org/object-assign/-/object-assign-4.1.1.tgz 1604ms (cache miss)
1101 http fetch GET 200 https://registry.npmjs.org/path-parse/-/path-parse-1.0.7.tgz 1558ms (cache miss)
1102 http fetch GET 200 https://registry.npmjs.org/queue-microtask/-/queue-microtask-1.2.3.tgz 1552ms (cache miss)
1103 http fetch GET 200 https://registry.npmjs.org/is-number/-/is-number-7.0.0.tgz 1634ms (cache miss)
1104 http fetch GET 200 https://registry.npmjs.org/pify/-/pify-2.3.0.tgz 1557ms (cache miss)
1105 http fetch GET 200 https://registry.npmjs.org/commander/-/commander-4.1.1.tgz 1586ms (cache miss)
1106 http fetch GET 200 https://registry.npmjs.org/is-core-module/-/is-core-module-2.16.2.tgz 1574ms (cache miss)
1107 http fetch GET 200 https://registry.npmjs.org/util-deprecate/-/util-deprecate-1.0.2.tgz 1568ms (cache miss)
1108 http fetch GET 200 https://registry.npmjs.org/@jridgewell/gen-mapping/-/gen-mapping-0.3.13.tgz 1869ms (cache miss)
1109 http fetch GET 200 https://registry.npmjs.org/binary-extensions/-/binary-extensions-2.3.0.tgz 1856ms (cache miss)
1110 http fetch GET 200 https://registry.npmjs.org/read-cache/-/read-cache-1.0.0.tgz 1867ms (cache miss)
1111 http fetch GET 200 https://registry.npmjs.org/cssesc/-/cssesc-3.0.0.tgz 1885ms (cache miss)
1112 http fetch GET 200 https://registry.npmjs.org/camelcase-css/-/camelcase-css-2.0.1.tgz 1894ms (cache miss)
1113 http fetch GET 200 https://registry.npmjs.org/is-extglob/-/is-extglob-2.1.1.tgz 1893ms (cache miss)
1114 http fetch GET 200 https://registry.npmjs.org/to-regex-range/-/to-regex-range-5.0.1.tgz 1896ms (cache miss)
1115 http fetch GET 200 https://registry.npmjs.org/run-parallel/-/run-parallel-1.2.0.tgz 1886ms (cache miss)
1116 http fetch GET 200 https://registry.npmjs.org/pirates/-/pirates-4.0.7.tgz 1989ms (cache miss)
1117 http fetch GET 200 https://registry.npmjs.org/mz/-/mz-2.7.0.tgz 1996ms (cache miss)
1118 http fetch GET 200 https://registry.npmjs.org/merge2/-/merge2-1.4.1.tgz 1932ms (cache miss)
1119 http fetch GET 200 https://registry.npmjs.org/tinyglobby/-/tinyglobby-0.2.17.tgz 2024ms (cache miss)
1120 http fetch GET 200 https://registry.npmjs.org/lines-and-columns/-/lines-and-columns-1.2.4.tgz 2011ms (cache miss)
1121 http fetch GET 200 https://registry.npmjs.org/fastq/-/fastq-1.20.1.tgz 1952ms (cache miss)
1122 http fetch GET 200 https://registry.npmjs.org/reusify/-/reusify-1.1.0.tgz 1949ms (cache miss)
1123 http fetch GET 200 https://registry.npmjs.org/readdirp/-/readdirp-3.6.0.tgz 1957ms (cache miss)
1124 http fetch GET 200 https://registry.npmjs.org/ts-interface-checker/-/ts-interface-checker-0.1.13.tgz 2059ms (cache miss)
1125 http fetch GET 200 https://registry.npmjs.org/@jridgewell/resolve-uri/-/resolve-uri-3.1.2.tgz 2199ms (cache miss)
1126 http fetch GET 200 https://registry.npmjs.org/@jridgewell/trace-mapping/-/trace-mapping-0.3.31.tgz 2293ms (cache miss)
1127 http fetch GET 200 https://registry.npmjs.org/@nodelib/fs.scandir/-/fs.scandir-2.1.5.tgz 2358ms (cache miss)
1128 http fetch GET 200 https://registry.npmjs.org/@nodelib/fs.walk/-/fs.walk-1.2.8.tgz 2391ms (cache miss)
1129 http fetch GET 200 https://registry.npmjs.org/picomatch/-/picomatch-2.3.2.tgz 2400ms (cache miss)
1130 http fetch GET 200 https://registry.npmjs.org/is-binary-path/-/is-binary-path-2.1.0.tgz 2400ms (cache miss)
1131 http fetch GET 200 https://registry.npmjs.org/@jridgewell/sourcemap-codec/-/sourcemap-codec-1.5.5.tgz 2521ms (cache miss)
1132 http fetch GET 200 https://registry.npmjs.org/braces/-/braces-3.0.3.tgz 2452ms (cache miss)
1133 http fetch GET 200 https://registry.npmjs.org/postcss-load-config/-/postcss-load-config-6.0.1.tgz 2685ms (cache miss)
1134 http fetch GET 200 https://registry.npmjs.org/normalize-path/-/normalize-path-3.0.0.tgz 2836ms (cache miss)
1135 http fetch GET 200 https://registry.npmjs.org/fill-range/-/fill-range-7.1.1.tgz 2863ms (cache miss)
1136 http fetch GET 200 https://registry.npmjs.org/postcss-js/-/postcss-js-4.1.0.tgz 2881ms (cache miss)
1137 http fetch GET 200 https://registry.npmjs.org/object-hash/-/object-hash-3.0.0.tgz 2899ms (cache miss)
1138 http fetch GET 200 https://registry.npmjs.org/@nodelib/fs.stat/-/fs.stat-2.0.5.tgz 2953ms (cache miss)
1139 http fetch GET 200 https://registry.npmjs.org/lilconfig/-/lilconfig-3.1.3.tgz 2916ms (cache miss)
1140 http fetch GET 200 https://registry.npmjs.org/postcss-import/-/postcss-import-15.1.0.tgz 2939ms (cache miss)
1141 http fetch GET 200 https://registry.npmjs.org/resolve/-/resolve-1.22.12.tgz 2990ms (cache miss)
1142 http fetch GET 200 https://registry.npmjs.org/postcss-nested/-/postcss-nested-6.2.0.tgz 3030ms (cache miss)
1143 http fetch GET 200 https://registry.npmjs.org/micromatch/-/micromatch-4.0.8.tgz 3063ms (cache miss)
1144 http fetch GET 200 https://registry.npmjs.org/anymatch/-/anymatch-3.1.3.tgz 3256ms (cache miss)
1145 http fetch GET 200 https://registry.npmjs.org/postcss-selector-parser/-/postcss-selector-parser-6.1.4.tgz 3324ms (cache miss)
1146 http fetch GET 200 https://registry.npmjs.org/glob-parent/-/glob-parent-6.0.2.tgz 3294ms (cache miss)
1147 http fetch GET 200 https://registry.npmjs.org/didyoumean/-/didyoumean-1.2.2.tgz 3347ms (cache miss)
1148 http fetch GET 200 https://registry.npmjs.org/dlv/-/dlv-1.1.3.tgz 3353ms (cache miss)
1149 http fetch GET 200 https://registry.npmjs.org/chokidar/-/chokidar-3.6.0.tgz 3507ms (cache miss)
1150 http fetch GET 200 https://registry.npmjs.org/is-glob/-/is-glob-4.0.3.tgz 3533ms (cache miss)
1151 http fetch GET 200 https://registry.npmjs.org/arg/-/arg-5.0.2.tgz 3513ms (cache miss)
1152 http fetch GET 200 https://registry.npmjs.org/fast-glob/-/fast-glob-3.3.3.tgz 3553ms (cache miss)
1153 http fetch GET 200 https://registry.npmjs.org/dunder-proto/-/dunder-proto-1.0.1.tgz 4213ms (cache miss)
1154 http fetch GET 200 https://registry.npmjs.org/math-intrinsics/-/math-intrinsics-1.1.0.tgz 4212ms (cache miss)
1155 http fetch GET 200 https://registry.npmjs.org/client-only/-/client-only-0.0.1.tgz 4245ms (cache miss)
1156 http fetch GET 200 https://registry.npmjs.org/hasown/-/hasown-2.0.4.tgz 4252ms (cache miss)
1157 http fetch GET 200 https://registry.npmjs.org/has-symbols/-/has-symbols-1.1.0.tgz 4252ms (cache miss)
1158 http fetch GET 200 https://registry.npmjs.org/@alloc/quick-lru/-/quick-lru-5.2.0.tgz 4281ms (cache miss)
1159 http fetch GET 200 https://registry.npmjs.org/gopd/-/gopd-1.2.0.tgz 4264ms (cache miss)
1160 http fetch GET 200 https://registry.npmjs.org/get-proto/-/get-proto-1.0.1.tgz 4284ms (cache miss)
1161 http fetch GET 200 https://registry.npmjs.org/es-object-atoms/-/es-object-atoms-1.1.2.tgz 4296ms (cache miss)
1162 http fetch GET 200 https://registry.npmjs.org/call-bind-apply-helpers/-/call-bind-apply-helpers-1.0.2.tgz 4306ms (cache miss)
1163 http fetch GET 200 https://registry.npmjs.org/function-bind/-/function-bind-1.1.2.tgz 4316ms (cache miss)
1164 http fetch GET 200 https://registry.npmjs.org/get-intrinsic/-/get-intrinsic-1.3.0.tgz 4313ms (cache miss)
1165 http fetch GET 200 https://registry.npmjs.org/es-errors/-/es-errors-1.3.0.tgz 4727ms (cache miss)
1166 http fetch GET 200 https://registry.npmjs.org/side-channel-list/-/side-channel-list-1.0.1.tgz 4753ms (cache miss)
1167 http fetch GET 200 https://registry.npmjs.org/side-channel-map/-/side-channel-map-1.0.1.tgz 4754ms (cache miss)
1168 http fetch GET 200 https://registry.npmjs.org/es-define-property/-/es-define-property-1.0.1.tgz 4781ms (cache miss)
1169 http fetch GET 200 https://registry.npmjs.org/side-channel/-/side-channel-1.1.1.tgz 4817ms (cache miss)
1170 http fetch GET 200 https://registry.npmjs.org/loose-envify/-/loose-envify-1.4.0.tgz 4801ms (cache miss)
1171 http fetch GET 200 https://registry.npmjs.org/side-channel-weakmap/-/side-channel-weakmap-1.0.2.tgz 4842ms (cache miss)
1172 http fetch GET 200 https://registry.npmjs.org/js-tokens/-/js-tokens-4.0.0.tgz 4821ms (cache miss)
1173 http fetch GET 200 https://registry.npmjs.org/call-bound/-/call-bound-1.0.4.tgz 4882ms (cache miss)
1174 http fetch GET 200 https://registry.npmjs.org/scheduler/-/scheduler-0.23.2.tgz 4918ms (cache miss)
1175 http fetch GET 200 https://registry.npmjs.org/source-map-js/-/source-map-js-1.2.1.tgz 4916ms (cache miss)
1176 http fetch GET 200 https://registry.npmjs.org/nanoid/-/nanoid-3.3.16.tgz 4981ms (cache miss)
1177 http fetch GET 200 https://registry.npmjs.org/streamsearch/-/streamsearch-1.1.0.tgz 5018ms (cache miss)
1178 http fetch GET 200 https://registry.npmjs.org/graceful-fs/-/graceful-fs-4.2.11.tgz 5014ms (cache miss)
1179 http fetch GET 200 https://registry.npmjs.org/object-inspect/-/object-inspect-1.13.4.tgz 5066ms (cache miss)
1180 http fetch GET 200 https://registry.npmjs.org/node-releases/-/node-releases-2.0.51.tgz 5151ms (cache miss)
1181 http fetch GET 200 https://registry.npmjs.org/qs/-/qs-6.15.3.tgz 5213ms (cache miss)
1182 http fetch GET 200 https://registry.npmjs.org/update-browserslist-db/-/update-browserslist-db-1.2.3.tgz 5175ms (cache miss)
1183 http fetch GET 200 https://registry.npmjs.org/@swc/counter/-/counter-0.1.3.tgz 5195ms (cache miss)
1184 http fetch GET 200 https://registry.npmjs.org/busboy/-/busboy-1.6.0.tgz 5222ms (cache miss)
1185 http fetch GET 200 https://registry.npmjs.org/sucrase/-/sucrase-3.35.1.tgz 5422ms (cache miss)
1186 http fetch GET 200 https://registry.npmjs.org/electron-to-chromium/-/electron-to-chromium-1.5.399.tgz 5489ms (cache miss)
1187 http fetch GET 200 https://registry.npmjs.org/picocolors/-/picocolors-1.1.1.tgz 5487ms (cache miss)
1188 http fetch GET 200 https://registry.npmjs.org/fraction.js/-/fraction.js-5.3.4.tgz 5566ms (cache miss)
1189 http fetch GET 200 https://registry.npmjs.org/baseline-browser-mapping/-/baseline-browser-mapping-2.11.9.tgz 5792ms (cache miss)
1190 http fetch GET 200 https://registry.npmjs.org/browserslist/-/browserslist-4.28.7.tgz 5992ms (cache miss)
1191 http fetch GET 200 https://registry.npmjs.org/undici-types/-/undici-types-6.21.0.tgz 6043ms (cache miss)
1192 http fetch GET 200 https://registry.npmjs.org/iceberg-js/-/iceberg-js-0.8.1.tgz 6132ms (cache miss)
1193 http fetch GET 200 https://registry.npmjs.org/@types/prop-types/-/prop-types-15.7.15.tgz 6266ms (cache miss)
1194 http fetch GET 200 https://registry.npmjs.org/postcss-value-parser/-/postcss-value-parser-4.2.0.tgz 6311ms (cache miss)
1195 http fetch GET 200 https://registry.npmjs.org/jiti/-/jiti-1.21.7.tgz 6493ms (cache miss)
1196 http fetch GET 200 https://registry.npmjs.org/tslib/-/tslib-2.8.1.tgz 6305ms (cache miss)
1197 http fetch GET 200 https://registry.npmjs.org/@next/env/-/env-14.2.35.tgz 6376ms (cache miss)
1198 http fetch GET 200 https://registry.npmjs.org/@swc/helpers/-/helpers-0.5.5.tgz 6672ms (cache miss)
1199 http fetch GET 200 https://registry.npmjs.org/csstype/-/csstype-3.2.3.tgz 6758ms (cache miss)
1200 http fetch GET 200 https://registry.npmjs.org/cookie/-/cookie-0.7.2.tgz 6943ms (cache miss)
1201 http fetch GET 200 https://registry.npmjs.org/@types/cookie/-/cookie-0.6.0.tgz 7482ms (cache miss)
1202 http fetch GET 200 https://registry.npmjs.org/@supabase/functions-js/-/functions-js-2.111.0.tgz 7798ms (cache miss)
1203 http fetch GET 200 https://registry.npmjs.org/@supabase/realtime-js/-/realtime-js-2.111.0.tgz 8336ms (cache miss)
1204 http fetch GET 200 https://registry.npmjs.org/postcss/-/postcss-8.5.25.tgz 9172ms (cache miss)
1205 http fetch GET 200 https://registry.npmjs.org/autoprefixer/-/autoprefixer-10.5.4.tgz 9617ms (cache miss)
1206 http fetch GET 200 https://registry.npmjs.org/@supabase/phoenix/-/phoenix-0.4.5.tgz 9969ms (cache miss)
1207 http fetch GET 200 https://registry.npmjs.org/@types/react-dom/-/react-dom-18.3.7.tgz 10110ms (cache miss)
1208 http fetch GET 200 https://registry.npmjs.org/@supabase/storage-js/-/storage-js-2.111.0.tgz 10265ms (cache miss)
1209 http fetch GET 200 https://registry.npmjs.org/react/-/react-18.3.1.tgz 10755ms (cache miss)
1210 http fetch GET 200 https://registry.npmjs.org/picomatch/-/picomatch-4.0.5.tgz 11448ms (cache miss)
1211 http fetch GET 200 https://registry.npmjs.org/styled-jsx/-/styled-jsx-5.1.1.tgz 12845ms (cache miss)
1212 http fetch GET 200 https://registry.npmjs.org/@types/react/-/react-18.3.31.tgz 12682ms (cache miss)
1213 http fetch GET 200 https://registry.npmjs.org/@supabase/ssr/-/ssr-0.5.2.tgz 12886ms (cache miss)
1214 http fetch GET 200 https://registry.npmjs.org/glob-parent/-/glob-parent-5.1.2.tgz 13396ms (cache miss)
1215 http fetch GET 200 https://registry.npmjs.org/glob-parent/-/glob-parent-5.1.2.tgz 14020ms (cache miss)
1216 http fetch GET 200 https://registry.npmjs.org/fdir/-/fdir-6.5.0.tgz 14214ms (cache miss)
1217 http fetch GET 200 https://registry.npmjs.org/postcss/-/postcss-8.4.31.tgz 15247ms (cache miss)
1218 http fetch GET 200 https://registry.npmjs.org/@supabase/supabase-js/-/supabase-js-2.111.0.tgz 15687ms (cache miss)
1219 http fetch GET 200 https://registry.npmjs.org/postcss 18741ms (cache miss)
1220 silly packumentCache corgi:https://registry.npmjs.org/postcss set size:undefined disposed:false
1221 http fetch GET 200 https://registry.npmjs.org/@supabase/postgrest-js/-/postgrest-js-2.111.0.tgz 22267ms (cache miss)
1222 http fetch GET 200 https://registry.npmjs.org/@types/node/-/node-20.19.43.tgz 22495ms (cache miss)
1223 http fetch GET 200 https://registry.npmjs.org/caniuse-lite/-/caniuse-lite-1.0.30001806.tgz 26878ms (cache miss)
1224 http fetch GET 200 https://registry.npmjs.org/stripe/-/stripe-16.12.0.tgz 29267ms (cache miss)
1225 http fetch GET 200 https://registry.npmjs.org/react-dom/-/react-dom-18.3.1.tgz 32839ms (cache miss)
1226 http fetch GET 200 https://registry.npmjs.org/@supabase/auth-js/-/auth-js-2.111.0.tgz 33503ms (cache miss)
1227 http fetch GET 200 https://registry.npmjs.org/next 34059ms (cache miss)
1228 silly packumentCache corgi:https://registry.npmjs.org/next set size:undefined disposed:false
1229 http fetch GET 200 https://registry.npmjs.org/tailwindcss/-/tailwindcss-3.4.19.tgz 59913ms (cache miss)
1230 http fetch GET 200 https://registry.npmjs.org/typescript/-/typescript-5.9.3.tgz 69139ms (cache miss)
1231 http fetch GET 200 https://registry.npmjs.org/next/-/next-14.2.35.tgz 121034ms (cache miss)
1232 silly ADD node_modules/escalade
1233 silly ADD node_modules/is-number
1234 silly ADD node_modules/thenify
1235 silly ADD node_modules/thenify-all
1236 silly ADD node_modules/object-assign
1237 silly ADD node_modules/any-promise
1238 silly ADD node_modules/@jridgewell/resolve-uri
1239 silly ADD node_modules/@jridgewell/trace-mapping
1240 silly ADD node_modules/@jridgewell/sourcemap-codec
1241 silly ADD node_modules/ts-interface-checker
1242 silly ADD node_modules/tinyglobby
1243 silly ADD node_modules/tinyglobby/node_modules/picomatch
1244 silly ADD node_modules/tinyglobby/node_modules/fdir
1245 silly ADD node_modules/pirates
1246 silly ADD node_modules/mz
1247 silly ADD node_modules/lines-and-columns
1248 silly ADD node_modules/commander
1249 silly ADD node_modules/@jridgewell/gen-mapping
1250 silly ADD node_modules/queue-microtask
1251 silly ADD node_modules/supports-preserve-symlinks-flag
1252 silly ADD node_modules/path-parse
1253 silly ADD node_modules/is-core-module
1254 silly ADD node_modules/pify
1255 silly ADD node_modules/util-deprecate
1256 silly ADD node_modules/cssesc
1257 silly ADD node_modules/camelcase-css
1258 silly ADD node_modules/read-cache
1259 silly ADD node_modules/is-extglob
1260 silly ADD node_modules/binary-extensions
1261 silly ADD node_modules/to-regex-range
1262 silly ADD node_modules/reusify
1263 silly ADD node_modules/run-parallel
1264 silly ADD node_modules/fastq
1265 silly ADD node_modules/@nodelib/fs.scandir
1266 silly ADD node_modules/merge2
1267 silly ADD node_modules/@nodelib/fs.walk
1268 silly ADD node_modules/@nodelib/fs.stat
1269 silly ADD node_modules/fill-range
1270 silly ADD node_modules/picomatch
1271 silly ADD node_modules/readdirp
1272 silly ADD node_modules/is-binary-path
1273 silly ADD node_modules/braces
1274 silly ADD node_modules/anymatch
1275 silly ADD node_modules/sucrase
1276 silly ADD node_modules/resolve
1277 silly ADD node_modules/postcss-selector-parser
1278 silly ADD node_modules/postcss-nested
1279 silly ADD node_modules/postcss-load-config
1280 silly ADD node_modules/postcss-js
1281 silly ADD node_modules/postcss-import
1282 silly ADD node_modules/object-hash
1283 silly ADD node_modules/normalize-path
1284 silly ADD node_modules/micromatch
1285 silly ADD node_modules/lilconfig
1286 silly ADD node_modules/jiti
1287 silly ADD node_modules/is-glob
1288 silly ADD node_modules/glob-parent
1289 silly ADD node_modules/fast-glob
1290 silly ADD node_modules/fast-glob/node_modules/glob-parent
1291 silly ADD node_modules/dlv
1292 silly ADD node_modules/didyoumean
1293 silly ADD node_modules/chokidar
1294 silly ADD node_modules/chokidar/node_modules/glob-parent
1295 silly ADD node_modules/arg
1296 silly ADD node_modules/@alloc/quick-lru
1297 silly ADD node_modules/client-only
1298 silly ADD node_modules/dunder-proto
1299 silly ADD node_modules/math-intrinsics
1300 silly ADD node_modules/hasown
1301 silly ADD node_modules/has-symbols
1302 silly ADD node_modules/gopd
1303 silly ADD node_modules/get-proto
1304 silly ADD node_modules/es-object-atoms
1305 silly ADD node_modules/function-bind
1306 silly ADD node_modules/call-bind-apply-helpers
1307 silly ADD node_modules/get-intrinsic
1308 silly ADD node_modules/call-bound
1309 silly ADD node_modules/side-channel-weakmap
1310 silly ADD node_modules/side-channel-map
1311 silly ADD node_modules/side-channel-list
1312 silly ADD node_modules/object-inspect
1313 silly ADD node_modules/es-errors
1314 silly ADD node_modules/side-channel
1315 silly ADD node_modules/es-define-property
1316 silly ADD node_modules/qs
1317 silly ADD node_modules/scheduler
1318 silly ADD node_modules/js-tokens
1319 silly ADD node_modules/loose-envify
1320 silly ADD node_modules/source-map-js
1321 silly ADD node_modules/nanoid
1322 silly ADD node_modules/streamsearch
1323 silly ADD node_modules/@swc/counter
1324 silly ADD node_modules/styled-jsx
1325 silly ADD node_modules/graceful-fs
1326 silly ADD node_modules/busboy
1327 silly ADD node_modules/@swc/helpers
1328 silly ADD node_modules/@next/env
1329 silly ADD node_modules/update-browserslist-db
1330 silly ADD node_modules/node-releases
1331 silly ADD node_modules/electron-to-chromium
1332 silly ADD node_modules/baseline-browser-mapping
1333 silly ADD node_modules/postcss-value-parser
1334 silly ADD node_modules/picocolors
1335 silly ADD node_modules/fraction.js
1336 silly ADD node_modules/caniuse-lite
1337 silly ADD node_modules/browserslist
1338 silly ADD node_modules/csstype
1339 silly ADD node_modules/@types/prop-types
1340 silly ADD node_modules/undici-types
1341 silly ADD node_modules/iceberg-js
1342 silly ADD node_modules/@supabase/phoenix
1343 silly ADD node_modules/tslib
1344 silly ADD node_modules/@supabase/storage-js
1345 silly ADD node_modules/@supabase/realtime-js
1346 silly ADD node_modules/@supabase/postgrest-js
1347 silly ADD node_modules/@supabase/functions-js
1348 silly ADD node_modules/@supabase/auth-js
1349 silly ADD node_modules/cookie
1350 silly ADD node_modules/@types/cookie
1351 silly ADD node_modules/typescript
1352 silly ADD node_modules/tailwindcss
1353 silly ADD node_modules/stripe
1354 silly ADD node_modules/react-dom
1355 silly ADD node_modules/react
1356 silly ADD node_modules/next
1357 silly ADD node_modules/next/node_modules/postcss
1358 silly ADD node_modules/postcss
1359 silly ADD node_modules/autoprefixer
1360 silly ADD node_modules/@types/react-dom
1361 silly ADD node_modules/@types/react
1362 silly ADD node_modules/@types/node
1363 silly ADD node_modules/@supabase/supabase-js
1364 silly ADD node_modules/@supabase/ssr
1365 verbose cwd /data/data/com.termux/files/home
1366 verbose os Linux 5.15.178-android13-8-00006-g0c6055fd2d8b-ab13363910
1367 verbose node v26.4.0
1368 verbose npm  v11.18.0
1369 verbose exit 0
1370 info ok
